patient_id,admission_datetime,discharge_datetime,ward,admitting_department,age,gender
MCH-0001001,2026-07-13 03:16:00,2026-07-14 18:16:00,Gen Ward A,Emergency Medicine,13,Female
MCH-0001002,2026-08-01 15:49:00,2026-08-06 18:49:00,ICU,Cardiology,25,Male
MCH-0001003,2026-08-01 16:44:00,2026-08-04 12:44:00,Gen Ward A,General Medicine,48,Female
MCH-0001004,2026-06-23 15:52:00,2026-06-25 02:52:00,Gen Ward A,Emergency Medicine,88,Female
MCH-0001005,2026-07-06 07:35:00,2026-07-15 16:35:00,Gen Ward A,General Medicine,19,Male
MCH-0001006,2026-06-23 11:09:00,2026-06-27 09:09:00,ICU,Emergency Medicine,64,Male
MCH-0001007,2026-07-24 16:49:00,2026-07-30 20:49:00,ICU,Surgery,88,Female
MCH-0001008,2026-07-31 00:38:00,2026-08-04 05:38:00,Gen Ward A,Emergency Medicine,81,Male
MCH-0001009,2026-06-23 15:56:00,2026-06-25 18:56:00,Gen Ward A,General Medicine,47,Female
MCH-0001010,2026-07-28 21:13:00,2026-08-07 20:13:00,Gen Ward A,Orthopaedics,22,Female
MCH-0001011,2026-07-11 08:37:00,2026-07-20 16:37:00,MICU,Cardiology,32,Male
MCH-0001012,2026-07-08 05:31:00,2026-07-12 23:31:00,Paediatrics,General Medicine,10,Female
MCH-0001013,2026-07-20 07:03:00,2026-07-22 09:03:00,Gen Ward B,Pulmonology,46,Female
MCH-0001014,2026-07-05 10:28:00,2026-07-14 14:28:00,Gen Ward A,Pulmonology,24,Male
MCH-0001015,2026-06-30 20:00:00,2026-07-08 05:00:00,Gen Ward B,Cardiology,28,Female
MCH-0001016,2026-07-03 09:37:00,2026-07-12 11:37:00,MICU,Paediatrics,20,Male
MCH-0001017,2026-07-01 10:38:00,2026-07-04 08:38:00,Paediatrics,Cardiology,8,Male
MCH-0001018,2026-08-02 02:36:00,2026-08-11 13:36:00,ICU,Pulmonology,80,Female
MCH-0001019,2026-07-20 03:36:00,2026-07-22 06:36:00,ICU,Cardiology,41,Female
MCH-0001020,2026-07-25 06:19:00,2026-08-03 07:19:00,Gen Ward B,Emergency Medicine,21,Male
MCH-0001021,2026-07-28 14:45:00,2026-08-03 21:45:00,Gen Ward A,Paediatrics,20,Female
MCH-0001022,2026-07-07 09:00:00,2026-07-13 14:00:00,Gen Ward B,Emergency Medicine,82,Male
MCH-0001023,2026-07-14 02:35:00,2026-07-17 16:35:00,Paediatrics,Cardiology,20,Male
MCH-0001024,2026-06-29 15:55:00,2026-07-02 21:55:00,Gen Ward B,Orthopaedics,72,Male
MCH-0001025,2026-07-02 22:22:00,2026-07-08 06:22:00,Gen Ward B,General Medicine,5,Female
MCH-0001026,2026-08-03 01:21:00,2026-08-04 05:21:00,Paediatrics,Pulmonology,83,Male
MCH-0001027,2026-07-15 02:12:00,2026-07-20 04:12:00,Paediatrics,Cardiology,78,Female
MCH-0001028,2026-07-10 00:19:00,2026-07-17 11:19:00,ICU,Surgery,41,Female
MCH-0001029,2026-07-25 08:19:00,2026-07-30 15:19:00,Gen Ward A,Pulmonology,73,Male
MCH-0001030,2026-06-25 17:32:00,2026-07-01 20:32:00,MICU,Surgery,61,Female
MCH-0001031,2026-07-29 10:29:00,2026-08-06 07:29:00,MICU,Pulmonology,6,Male
MCH-0001032,2026-08-04 00:29:00,2026-08-05 18:29:00,MICU,General Medicine,55,Female
MCH-0001033,2026-07-25 22:57:00,2026-07-29 14:57:00,Gen Ward B,Emergency Medicine,65,Male
MCH-0001034,2026-07-08 15:17:00,2026-07-15 02:17:00,ICU,Surgery,57,Male
MCH-0001035,2026-07-19 21:03:00,2026-07-24 11:03:00,Gen Ward A,Orthopaedics,53,Male
MCH-0001036,2026-07-25 03:57:00,2026-07-29 19:57:00,Gen Ward B,Orthopaedics,50,Female
MCH-0001037,2026-07-24 08:58:00,2026-08-01 03:58:00,MICU,Orthopaedics,60,Male
MCH-0001038,2026-07-03 22:20:00,2026-07-10 11:20:00,Gen Ward B,Paediatrics,34,Male
MCH-0001039,2026-07-31 09:48:00,2026-08-01 17:48:00,ICU,Emergency Medicine,29,Male
MCH-0001040,2026-07-13 13:38:00,2026-07-15 19:38:00,Gen Ward A,Emergency Medicine,60,Male
MCH-0001041,2026-08-03 17:54:00,2026-08-06 12:54:00,MICU,Cardiology,76,Male
MCH-0001042,2026-07-16 23:06:00,2026-07-24 11:06:00,Gen Ward A,Cardiology,83,Male
MCH-0001043,2026-07-18 07:37:00,2026-07-23 18:37:00,Gen Ward B,Pulmonology,69,Male
MCH-0001044,2026-06-21 23:54:00,2026-06-28 05:54:00,Gen Ward B,Paediatrics,79,Female
MCH-0001045,2026-06-25 15:46:00,2026-07-03 07:46:00,Paediatrics,General Medicine,2,Male
MCH-0001046,2026-07-05 17:42:00,2026-07-12 09:42:00,Gen Ward B,Surgery,29,Male
MCH-0001047,2026-06-28 07:12:00,2026-07-04 11:12:00,Gen Ward A,General Medicine,40,Female
MCH-0001048,2026-06-26 14:18:00,2026-07-01 02:18:00,Paediatrics,Paediatrics,68,Male
MCH-0001049,2026-07-21 11:55:00,2026-07-23 06:55:00,MICU,Surgery,38,Female
MCH-0001050,2026-06-25 02:40:00,2026-06-26 07:40:00,Gen Ward B,Pulmonology,9,Female
MCH-0001051,2026-07-23 20:28:00,2026-08-01 06:28:00,MICU,Emergency Medicine,80,Male
MCH-0001052,2026-08-01 10:10:00,2026-08-05 16:10:00,MICU,Paediatrics,27,Male
MCH-0001053,2026-07-19 10:43:00,2026-07-23 19:43:00,Gen Ward A,Surgery,37,Female
MCH-0001054,2026-06-23 13:50:00,2026-06-29 09:50:00,MICU,Cardiology,35,Female
MCH-0001055,2026-06-26 03:02:00,2026-07-03 14:02:00,Gen Ward B,Pulmonology,70,Male
MCH-0001056,2026-07-02 02:27:00,2026-07-10 05:27:00,Gen Ward B,Paediatrics,67,Male
MCH-0001057,2026-07-25 09:29:00,2026-07-27 20:29:00,Gen Ward B,Emergency Medicine,85,Female
MCH-0001058,2026-07-23 19:39:00,2026-08-01 16:39:00,ICU,General Medicine,53,Male
MCH-0001059,2026-07-06 06:10:00,2026-07-12 00:10:00,Paediatrics,Emergency Medicine,4,Female
MCH-0001060,2026-07-07 21:53:00,2026-07-16 13:53:00,Paediatrics,Surgery,38,Male
MCH-0001061,2026-07-22 16:52:00,2026-07-24 02:52:00,Gen Ward B,Paediatrics,36,Male
MCH-0001062,2026-07-24 20:29:00,2026-07-31 03:29:00,Paediatrics,Emergency Medicine,43,Female
MCH-0001063,2026-06-22 12:32:00,2026-06-28 16:32:00,MICU,Pulmonology,50,Female
MCH-0001064,2026-07-20 16:21:00,2026-07-28 13:21:00,MICU,Cardiology,84,Female
MCH-0001065,2026-07-06 04:43:00,2026-07-11 12:43:00,Paediatrics,Cardiology,5,Male
MCH-0001066,2026-06-23 17:22:00,2026-06-30 07:22:00,Gen Ward A,Emergency Medicine,6,Female
MCH-0001067,2026-07-27 12:14:00,2026-08-05 09:14:00,MICU,Pulmonology,80,Female
MCH-0001068,2026-07-10 04:27:00,2026-07-15 19:27:00,Gen Ward A,Orthopaedics,57,Male
MCH-0001069,2026-08-03 17:01:00,2026-08-11 02:01:00,Paediatrics,Paediatrics,46,Female
MCH-0001070,2026-07-30 14:39:00,2026-08-05 12:39:00,Gen Ward A,General Medicine,78,Male
MCH-0001071,2026-07-14 07:08:00,2026-07-16 17:08:00,ICU,Orthopaedics,57,Male
MCH-0001071,2026-07-14 07:08:00,2026-07-16 17:08:00,ICU,Orthopaedics,57,Male
MCH-0001072,2026-07-09 07:55:00,2026-07-15 11:55:00,Gen Ward B,Emergency Medicine,33,Male
MCH-0001073,2026-07-19 19:43:00,2026-07-25 14:43:00,Paediatrics,Cardiology,34,Female
MCH-0001074,2026-06-25 04:52:00,2026-07-04 03:52:00,MICU,Surgery,79,Female
MCH-0001075,2026-06-28 20:29:00,2026-07-05 18:29:00,MICU,Orthopaedics,13,Female
MCH-0001076,2026-08-03 19:13:00,2026-08-12 10:13:00,Gen Ward A,Cardiology,53,Male
MCH-0001077,2026-08-01 14:41:00,2026-08-02 16:41:00,Gen Ward B,Cardiology,16,Female
MCH-0001078,2026-07-04 18:49:00,2026-07-08 14:49:00,MICU,Emergency Medicine,76,Female
MCH-0001079,2026-07-06 02:20:00,2026-07-07 08:20:00,Gen Ward A,Emergency Medicine,2,Female
MCH-0001080,2026-06-26 22:32:00,2026-07-01 18:32:00,Paediatrics,Orthopaedics,47,Male
MCH-0001081,2026-08-04 22:04:00,2026-08-07 09:04:00,ICU,Pulmonology,88,Male
MCH-0001082,2026-07-28 21:06:00,2026-07-31 18:06:00,Gen Ward B,Orthopaedics,38,Female
MCH-0001083,2026-07-17 18:42:00,2026-07-23 06:42:00,ICU,Paediatrics,54,Female
MCH-0001084,2026-07-26 01:21:00,2026-07-28 15:21:00,ICU,Orthopaedics,72,Female
MCH-0001085,2026-06-30 05:30:00,2026-07-04 09:30:00,Paediatrics,General Medicine,74,Male
MCH-0001086,2026-08-01 01:01:00,2026-08-06 02:01:00,Paediatrics,Surgery,80,Female
MCH-0001087,2026-06-30 07:40:00,2026-07-01 10:40:00,Gen Ward B,Cardiology,85,Female
MCH-0001088,2026-06-23 12:10:00,2026-06-25 10:10:00,Paediatrics,Cardiology,73,Female
MCH-0001089,2026-07-17 11:18:00,2026-07-26 04:18:00,ICU,Paediatrics,66,Female
MCH-0001090,2026-06-27 08:31:00,2026-07-04 14:31:00,Gen Ward A,Paediatrics,33,Female
MCH-0001091,2026-06-21 22:58:00,2026-06-24 09:58:00,ICU,Pulmonology,51,Male
MCH-0001092,2026-08-03 19:05:00,2026-08-10 23:05:00,Paediatrics,Pulmonology,22,Female
MCH-0001093,2026-07-23 04:07:00,2026-08-01 21:07:00,MICU,Cardiology,43,Male
MCH-0001094,2026-07-31 10:11:00,2026-08-09 01:11:00,Paediatrics,General Medicine,23,Female
MCH-0001095,2026-07-18 10:30:00,2026-07-27 07:30:00,Gen Ward A,General Medicine,81,Male
MCH-0001096,2026-07-08 10:41:00,2026-07-11 06:41:00,Gen Ward A,Emergency Medicine,8,Female
MCH-0001097,2026-07-22 12:03:00,2026-07-30 16:03:00,Paediatrics,Pulmonology,42,Female
MCH-0001098,2026-07-24 03:10:00,2026-07-30 15:10:00,Gen Ward B,Orthopaedics,57,Male
MCH-0001099,2026-07-07 07:54:00,2026-07-10 18:54:00,Gen Ward B,Paediatrics,87,Female
MCH-0001100,2026-07-11 12:42:00,2026-07-20 15:42:00,Gen Ward B,Surgery,72,Female
MCH-0001101,2026-06-28 12:04:00,2026-07-03 16:04:00,MICU,General Medicine,63,Female
MCH-0001102,2026-06-30 13:53:00,2026-07-04 04:53:00,Gen Ward B,General Medicine,77,Male
MCH-0001103,2026-07-20 14:23:00,2026-07-29 05:23:00,MICU,Paediatrics,69,Male
MCH-0001104,2026-07-06 09:41:00,2026-07-14 21:41:00,MICU,Emergency Medicine,78,Male
MCH-0001105,2026-07-17 10:58:00,2026-07-22 01:58:00,MICU,Emergency Medicine,66,Male
MCH-0001106,2026-06-27 06:41:00,2026-07-03 11:41:00,ICU,Paediatrics,29,Female
MCH-0001107,2026-06-30 01:46:00,2026-07-09 15:46:00,Gen Ward A,General Medicine,3,Female
MCH-0001108,2026-07-22 03:34:00,2026-07-24 00:34:00,ICU,Emergency Medicine,9,Female
MCH-0001109,2026-08-02 05:05:00,2026-08-11 17:05:00,Gen Ward B,General Medicine,74,Female
MCH-0001110,2026-07-07 07:01:00,2026-07-13 10:01:00,Gen Ward B,Paediatrics,82,Female
MCH-0001111,2026-07-12 04:11:00,2026-07-21 03:11:00,Gen Ward A,Orthopaedics,6,Male
MCH-0001112,2026-07-10 00:25:00,2026-07-19 16:25:00,ICU,Paediatrics,26,Female
MCH-0001113,2026-07-13 21:56:00,2026-07-21 12:56:00,ICU,Emergency Medicine,35,Male
MCH-0001114,2026-07-18 03:52:00,2026-07-21 21:52:00,Gen Ward B,Cardiology,11,Male
MCH-0001115,2026-06-23 07:55:00,2026-06-30 03:55:00,Gen Ward A,Pulmonology,57,Female
MCH-0001116,2026-07-18 09:08:00,2026-07-20 17:08:00,Paediatrics,Surgery,19,Female
MCH-0001117,2026-07-13 22:48:00,2026-07-16 17:48:00,Gen Ward B,Paediatrics,20,Male
MCH-0001118,2026-07-25 11:16:00,2026-07-31 10:16:00,Paediatrics,Pulmonology,64,Male
MCH-0001119,2026-08-02 18:42:00,2026-08-09 17:42:00,Gen Ward B,Cardiology,23,Female
MCH-0001120,2026-06-28 15:50:00,2026-07-06 16:50:00,MICU,Emergency Medicine,16,Male
MCH-0001121,2026-07-21 00:26:00,2026-07-28 19:26:00,Gen Ward B,Surgery,40,Male
MCH-0001122,2026-06-28 21:32:00,2026-06-30 01:32:00,Paediatrics,General Medicine,71,Male
MCH-0001123,2026-07-31 01:17:00,2026-08-03 22:17:00,Gen Ward A,General Medicine,11,Female
MCH-0001124,2026-07-28 18:53:00,2026-07-29 19:53:00,Paediatrics,Surgery,85,Male
MCH-0001125,2026-07-31 01:18:00,2026-08-05 17:18:00,ICU,Pulmonology,82,Male
MCH-0001126,2026-06-29 18:55:00,2026-07-06 06:55:00,Gen Ward A,Orthopaedics,27,Female
MCH-0001127,2026-06-29 11:03:00,2026-07-05 00:03:00,Gen Ward B,General Medicine,35,Female
MCH-0001128,2026-07-22 22:31:00,2026-07-28 14:31:00,MICU,Pulmonology,25,Male
MCH-0001129,2026-08-01 05:30:00,2026-08-06 23:30:00,Gen Ward B,Orthopaedics,37,Male
MCH-0001130,2026-07-14 01:18:00,2026-07-16 14:18:00,Paediatrics,General Medicine,73,Female
MCH-0001131,2026-06-29 14:38:00,2026-07-09 03:38:00,Paediatrics,Paediatrics,44,Male
MCH-0001132,2026-07-29 18:10:00,2026-08-06 14:10:00,MICU,Paediatrics,66,Male
MCH-0001133,2026-07-12 05:07:00,2026-07-20 00:07:00,ICU,Paediatrics,61,Male
MCH-0001134,2026-07-31 07:39:00,2026-08-07 12:39:00,MICU,Orthopaedics,62,Male
MCH-0001135,2026-07-16 12:26:00,2026-07-21 02:26:00,Gen Ward B,Paediatrics,3,Male
MCH-0001136,2026-07-14 18:11:00,2026-07-23 12:11:00,Gen Ward B,Orthopaedics,85,Male
MCH-0001137,2026-07-09 17:45:00,2026-07-14 16:45:00,Gen Ward A,General Medicine,72,Male
MCH-0001138,2026-07-12 12:18:00,2026-07-13 22:18:00,Gen Ward B,Emergency Medicine,49,Female
MCH-0001139,2026-06-27 03:47:00,2026-07-01 11:47:00,Gen Ward A,General Medicine,72,Female
MCH-0001140,2026-07-25 13:26:00,2026-08-03 05:26:00,MICU,Cardiology,13,Female
MCH-0001141,2026-06-22 13:26:00,2026-06-25 15:26:00,Paediatrics,Surgery,30,Male
MCH-0001142,2026-07-28 11:59:00,2026-08-03 21:59:00,Gen Ward A,Orthopaedics,2,Male
MCH-0001143,2026-07-20 04:16:00,2026-07-23 05:16:00,MICU,Surgery,43,Female
MCH-0001144,2026-07-16 05:06:00,2026-07-19 10:06:00,Gen Ward A,Cardiology,66,Male
MCH-0001145,2026-07-26 08:16:00,2026-08-02 07:16:00,Paediatrics,Surgery,39,Female
MCH-0001146,2026-07-29 15:14:00,2026-08-02 07:14:00,Gen Ward A,Paediatrics,16,Female
MCH-0001147,2026-06-26 00:28:00,2026-07-05 23:28:00,Paediatrics,Emergency Medicine,32,Male
MCH-0001148,2026-07-23 22:07:00,2026-07-28 21:07:00,Gen Ward A,Emergency Medicine,22,Female
MCH-0001149,2026-07-20 05:51:00,2026-07-25 06:51:00,ICU,Orthopaedics,73,Female
MCH-0001150,2026-06-24 23:02:00,2026-06-30 13:02:00,Paediatrics,Cardiology,9,Female
MCH-0001151,2026-08-03 05:55:00,2026-08-12 10:55:00,Gen Ward B,Cardiology,49,Male
MCH-0001152,2026-08-03 07:34:00,2026-08-11 01:34:00,Gen Ward A,Pulmonology,3,Female
MCH-0001153,2026-06-21 15:13:00,2026-06-23 19:13:00,Gen Ward B,Orthopaedics,85,Female
MCH-0001154,2026-06-23 12:32:00,2026-06-28 20:32:00,Paediatrics,General Medicine,30,Male
MCH-0001155,2026-07-23 15:26:00,2026-07-29 00:26:00,MICU,Surgery,39,Male
MCH-0001156,2026-07-16 21:09:00,2026-07-22 10:09:00,Gen Ward A,Surgery,68,Male
MCH-0001157,2026-07-23 12:24:00,2026-07-27 21:24:00,Gen Ward B,Orthopaedics,53,Male
MCH-0001158,2026-07-29 03:02:00,2026-07-31 10:02:00,Gen Ward B,Surgery,35,Male
MCH-0001159,2026-06-28 07:48:00,2026-07-06 15:48:00,MICU,General Medicine,2,Female
MCH-0001160,2026-07-12 17:16:00,2026-07-19 10:16:00,Paediatrics,Surgery,60,Female
MCH-0001161,2026-07-05 07:09:00,2026-07-06 16:09:00,ICU,Orthopaedics,53,Male
MCH-0001162,2026-07-26 04:43:00,2026-08-01 13:43:00,MICU,Pulmonology,73,Female
MCH-0001163,2026-07-02 01:41:00,2026-07-03 18:41:00,Paediatrics,Pulmonology,18,Female
MCH-0001164,2026-07-22 22:23:00,2026-07-24 18:23:00,ICU,General Medicine,20,Female
MCH-0001165,2026-07-08 01:18:00,2026-07-09 18:18:00,ICU,Orthopaedics,2,Female
MCH-0001166,2026-07-30 00:16:00,2026-08-05 09:16:00,MICU,General Medicine,20,Female
MCH-0001167,2026-07-31 09:05:00,2026-08-07 22:05:00,ICU,Surgery,39,Female
MCH-0001167,2026-07-31 09:05:00,2026-08-07 22:05:00,ICU,Surgery,39,Female
MCH-0001168,2026-06-22 15:13:00,2026-07-01 00:13:00,ICU,Orthopaedics,73,Female
MCH-0001169,2026-08-04 20:59:00,2026-08-07 06:59:00,Paediatrics,General Medicine,27,Male
MCH-0001170,2026-06-26 21:14:00,2026-06-29 08:14:00,Gen Ward A,Cardiology,65,Female
MCH-0001171,2026-07-14 21:11:00,2026-07-22 00:11:00,Gen Ward A,Orthopaedics,30,Male
MCH-0001172,2026-07-14 18:23:00,2026-07-16 21:23:00,MICU,Surgery,82,Female
MCH-0001173,2026-07-22 21:06:00,2026-07-24 00:06:00,Paediatrics,Orthopaedics,58,Female
MCH-0001174,2026-07-27 00:10:00,2026-08-03 06:10:00,Paediatrics,General Medicine,11,Female
MCH-0001175,2026-06-24 19:16:00,2026-06-29 16:16:00,Gen Ward B,Emergency Medicine,39,Female
MCH-0001176,2026-07-11 22:21:00,2026-07-19 19:21:00,Gen Ward B,Emergency Medicine,80,Female
MCH-0001177,2026-07-05 18:24:00,2026-07-11 07:24:00,Gen Ward B,Orthopaedics,38,Female
MCH-0001178,2026-07-09 06:04:00,2026-07-17 04:04:00,MICU,Pulmonology,60,Male
MCH-0001179,2026-07-27 20:34:00,2026-08-06 19:34:00,Paediatrics,Pulmonology,58,Male
MCH-0001180,2026-08-01 03:02:00,2026-08-08 14:02:00,Gen Ward A,General Medicine,32,Male
MCH-0001181,2026-07-26 15:28:00,2026-08-02 04:28:00,Paediatrics,Surgery,72,Female
MCH-0001182,2026-06-29 19:19:00,2026-07-06 10:19:00,ICU,Emergency Medicine,11,Male
MCH-0001183,2026-06-23 06:07:00,2026-06-24 17:07:00,ICU,Paediatrics,41,Female
MCH-0001184,2026-07-04 20:40:00,2026-07-08 02:40:00,Gen Ward B,Pulmonology,72,Female
MCH-0001185,2026-08-04 10:36:00,2026-08-07 04:36:00,MICU,Paediatrics,28,Male
MCH-0001186,2026-07-15 03:25:00,2026-07-17 15:25:00,Gen Ward A,Orthopaedics,82,Male
MCH-0001187,2026-06-27 13:23:00,2026-07-01 06:23:00,MICU,Paediatrics,16,Male
MCH-0001188,2026-07-08 12:11:00,2026-07-15 03:11:00,MICU,Pulmonology,72,Female
MCH-0001189,2026-08-02 23:26:00,2026-08-11 15:26:00,Gen Ward B,Pulmonology,84,Male
MCH-0001190,2026-07-20 02:47:00,2026-07-28 20:47:00,MICU,Emergency Medicine,37,Female
MCH-0001191,2026-06-27 07:53:00,2026-07-01 17:53:00,MICU,Pulmonology,70,Male
MCH-0001192,2026-07-28 06:22:00,2026-08-04 12:22:00,MICU,General Medicine,16,Male
MCH-0001193,2026-08-04 17:18:00,2026-08-10 10:18:00,MICU,Paediatrics,69,Female
MCH-0001194,2026-07-10 15:48:00,2026-07-18 07:48:00,MICU,Surgery,32,Male
MCH-0001195,2026-07-13 22:31:00,2026-07-20 17:31:00,Gen Ward A,Surgery,66,Female
MCH-0001196,2026-07-07 18:53:00,2026-07-13 05:53:00,MICU,Pulmonology,55,Male
MCH-0001197,2026-07-19 08:27:00,2026-07-24 07:27:00,MICU,Pulmonology,16,Female
MCH-0001198,2026-07-10 07:44:00,2026-07-14 21:44:00,Gen Ward B,Surgery,7,Female
MCH-0001199,2026-06-21 06:21:00,2026-06-23 20:21:00,Gen Ward B,Cardiology,67,Female
MCH-0001200,2026-06-28 20:49:00,2026-07-02 17:49:00,Gen Ward A,Paediatrics,41,Male
MCH-0001201,2026-07-30 05:28:00,2026-08-03 08:28:00,MICU,Pulmonology,28,Male
MCH-0001202,2026-06-25 15:35:00,2026-07-01 14:35:00,Gen Ward A,Surgery,32,Male
MCH-0001203,2026-06-27 15:31:00,2026-06-30 08:31:00,Gen Ward B,Pulmonology,31,Male
MCH-0001204,2026-06-24 08:16:00,2026-06-28 10:16:00,ICU,Orthopaedics,10,Male
MCH-0001205,2026-07-29 12:17:00,2026-07-31 22:17:00,Paediatrics,Orthopaedics,82,Female
MCH-0001206,2026-07-05 10:59:00,2026-07-12 14:59:00,MICU,Cardiology,56,Female
MCH-0001207,2026-07-24 00:50:00,2026-07-29 06:50:00,Gen Ward B,Paediatrics,21,Female
MCH-0001208,2026-08-05 02:40:00,2026-08-07 18:40:00,ICU,Paediatrics,68,Female
MCH-0001209,2026-07-22 08:02:00,2026-07-23 16:02:00,ICU,General Medicine,87,Female
MCH-0001210,2026-07-10 16:52:00,2026-07-13 11:52:00,MICU,Pulmonology,42,Male
MCH-0001211,2026-07-08 17:20:00,2026-07-11 11:20:00,Gen Ward B,Emergency Medicine,9,Male
MCH-0001212,2026-07-24 15:09:00,2026-07-26 05:09:00,MICU,Surgery,64,Female
MCH-0001213,2026-07-05 21:31:00,2026-07-07 02:31:00,MICU,Orthopaedics,14,Female
MCH-0001214,2026-07-22 12:40:00,2026-07-29 15:40:00,Paediatrics,Cardiology,11,Male
MCH-0001215,2026-07-07 15:04:00,2026-07-11 20:04:00,Gen Ward A,Pulmonology,42,Female
MCH-0001216,2026-07-24 19:49:00,2026-07-29 10:49:00,Gen Ward B,Cardiology,41,Female
MCH-0001217,2026-06-26 06:15:00,2026-07-02 19:15:00,Gen Ward A,General Medicine,28,Male
MCH-0001218,2026-07-19 11:51:00,2026-07-22 15:51:00,MICU,Cardiology,71,Male
MCH-0001219,2026-06-24 08:04:00,2026-06-29 05:04:00,Paediatrics,Paediatrics,75,Male
MCH-0001220,2026-07-15 23:01:00,2026-07-23 21:01:00,Gen Ward B,Emergency Medicine,74,Male
MCH-0001221,2026-07-06 04:18:00,2026-07-14 18:18:00,Paediatrics,Orthopaedics,79,Female
MCH-0001222,2026-06-21 20:50:00,2026-06-28 12:50:00,Paediatrics,Emergency Medicine,81,Female
MCH-0001223,2026-07-07 09:51:00,2026-07-16 02:51:00,MICU,Cardiology,77,Female
MCH-0001224,2026-07-01 13:15:00,2026-07-08 12:15:00,Gen Ward B,Paediatrics,74,Female
MCH-0001225,2026-07-01 23:02:00,2026-07-04 01:02:00,Paediatrics,Paediatrics,64,Male
MCH-0001226,2026-07-01 18:03:00,2026-07-02 23:03:00,Gen Ward A,Surgery,17,Female
MCH-0001227,2026-07-10 12:10:00,2026-07-18 09:10:00,Gen Ward A,Paediatrics,13,Female
MCH-0001228,2026-08-03 17:08:00,2026-08-06 18:08:00,Gen Ward B,Paediatrics,23,Male
MCH-0001229,2026-07-21 12:21:00,2026-07-23 20:21:00,Paediatrics,Cardiology,82,Male
MCH-0001230,2026-06-27 07:00:00,2026-06-28 20:00:00,Gen Ward A,Paediatrics,9,Female
MCH-0001231,2026-07-18 10:51:00,2026-07-19 20:51:00,MICU,General Medicine,74,Male
MCH-0001232,2026-07-29 03:57:00,2026-08-07 02:57:00,ICU,Paediatrics,71,Male
MCH-0001233,2026-07-26 07:59:00,2026-08-04 16:59:00,Gen Ward B,Surgery,25,Female
MCH-0001234,2026-07-17 10:18:00,2026-07-25 17:18:00,Gen Ward A,Cardiology,7,Male
MCH-0001235,2026-08-01 16:05:00,2026-08-11 05:05:00,Gen Ward B,Pulmonology,51,Female
MCH-0001236,2026-06-23 12:48:00,2026-06-25 15:48:00,Gen Ward A,Orthopaedics,29,Female
MCH-0001237,2026-07-21 02:56:00,2026-07-25 18:56:00,Paediatrics,Surgery,54,Female
MCH-0001238,2026-07-18 13:10:00,2026-07-22 20:10:00,ICU,Emergency Medicine,19,Male
MCH-0001239,2026-06-24 10:24:00,2026-07-03 23:24:00,Gen Ward A,Surgery,34,Male
MCH-0001240,2026-07-16 12:09:00,2026-07-18 16:09:00,Gen Ward B,Cardiology,67,Male
MCH-0001241,2026-07-01 16:25:00,2026-07-05 12:25:00,Gen Ward B,Cardiology,78,Female
MCH-0001242,2026-07-09 17:17:00,2026-07-18 16:17:00,Gen Ward A,Emergency Medicine,3,Male
MCH-0001243,2026-07-18 14:58:00,2026-07-26 06:58:00,ICU,General Medicine,83,Female
MCH-0001244,2026-07-24 02:01:00,2026-07-27 09:01:00,Gen Ward B,General Medicine,65,Male
MCH-0001245,2026-07-20 00:25:00,2026-07-22 22:25:00,Gen Ward A,Emergency Medicine,36,Female
MCH-0001246,2026-06-30 16:47:00,2026-07-03 02:47:00,Gen Ward A,Paediatrics,71,Male
MCH-0001247,2026-06-22 05:00:00,2026-06-30 10:00:00,Gen Ward B,Orthopaedics,84,Male
MCH-0001248,2026-07-12 22:16:00,2026-07-17 13:16:00,Gen Ward B,Emergency Medicine,55,Male
MCH-0001249,2026-07-08 17:43:00,2026-07-11 09:43:00,Paediatrics,Orthopaedics,83,Male
MCH-0001250,2026-07-05 09:51:00,2026-07-13 07:51:00,Paediatrics,Emergency Medicine,20,Male
MCH-0001251,2026-08-05 02:52:00,2026-08-09 13:52:00,ICU,Orthopaedics,50,Female
MCH-0001252,2026-07-20 12:47:00,2026-07-26 06:47:00,Gen Ward A,Cardiology,24,Male
MCH-0001253,2026-07-07 02:18:00,2026-07-15 06:18:00,Gen Ward A,Paediatrics,54,Female
MCH-0001254,2026-07-09 21:03:00,2026-07-13 02:03:00,Gen Ward B,Orthopaedics,88,Male
MCH-0001255,2026-07-01 18:40:00,2026-07-02 19:40:00,Gen Ward A,Surgery,63,Male
MCH-0001256,2026-07-30 21:25:00,,ICU,Pulmonology,17,Male
MCH-0001257,2026-08-02 08:40:00,,ICU,Cardiology,68,Male
MCH-0001258,2026-06-22 17:18:00,,ICU,Cardiology,40,Female
MCH-0001259,2026-07-15 08:14:00,,ICU,Emergency Medicine,25,Female
MCH-0001260,2026-07-25 03:03:00,2026-07-27 01:03:00,Gen Ward A,Emergency Medicine,82,Female
MCH-0001261,2026-06-29 14:44:00,,ICU,Surgery,33,Female
MCH-0001262,2026-07-29 11:18:00,,ICU,Orthopaedics,54,Female
MCH-0001263,2026-06-23 01:31:00,,ICU,General Medicine,53,Male
MCH-0001264,2026-07-22 10:46:00,,ICU,Emergency Medicine,20,Male
MCH-0001265,2026-07-08 19:51:00,2026-07-15 09:51:00,ICU,Emergency Medicine,23,Female
MCH-0001266,2026-07-08 07:05:00,,ICU,Orthopaedics,46,Male
MCH-0001267,2026-06-29 06:46:00,2026-06-30 12:46:00,MICU,Cardiology,54,Female
MCH-0001268,2026-07-21 11:56:00,,ICU,Pulmonology,4,Male
MCH-0001269,2026-07-12 00:33:00,,ICU,Surgery,73,Male
MCH-0001270,2026-06-21 04:59:00,,ICU,Cardiology,72,Female
MCH-0001271,2026-07-22 15:35:00,,MICU,Cardiology,43,Male
MCH-0001272,2026-07-10 11:31:00,2026-07-11 15:31:00,Gen Ward B,Pulmonology,12,Female
MCH-0001273,2026-08-01 05:29:00,,MICU,General Medicine,66,Male
MCH-0001274,2026-07-18 11:06:00,,MICU,Surgery,61,Male
MCH-0001275,2026-06-26 09:57:00,2026-06-30 01:57:00,Gen Ward A,Surgery,67,Female
MCH-0001276,2026-07-11 11:48:00,,MICU,Surgery,59,Female
MCH-0001277,2026-07-24 07:03:00,2026-08-02 21:03:00,Gen Ward B,Cardiology,18,Female
MCH-0001278,2026-07-29 03:56:00,,MICU,Surgery,14,Male
MCH-0001279,2026-07-17 03:44:00,2026-07-26 13:44:00,MICU,General Medicine,58,Female
MCH-0001280,2026-07-13 05:08:00,,MICU,Surgery,80,Male
MCH-0001281,2026-08-04 21:43:00,2026-08-14 07:43:00,Paediatrics,Surgery,75,Male
MCH-0001282,2026-07-07 13:18:00,2026-07-12 18:18:00,ICU,General Medicine,86,Female
MCH-0001283,2026-08-03 07:35:00,,MICU,Orthopaedics,58,Male
MCH-0001284,2026-08-02 18:35:00,,MICU,Pulmonology,49,Female
MCH-0001285,2026-07-02 17:28:00,2026-07-06 15:28:00,Paediatrics,General Medicine,70,Male
MCH-0001286,2026-07-27 16:00:00,,MICU,General Medicine,34,Female
MCH-0001287,2026-07-12 10:50:00,2026-07-19 03:50:00,Paediatrics,Orthopaedics,63,Male
MCH-0001288,2026-07-04 05:21:00,,MICU,General Medicine,12,Female
MCH-0001289,2026-07-06 04:39:00,,Gen Ward A,Pulmonology,86,Male
MCH-0001290,2026-07-14 00:51:00,,Gen Ward A,Emergency Medicine,4,Female
MCH-0001291,2026-07-30 10:13:00,,Gen Ward A,Cardiology,69,Male
MCH-0001292,2026-07-20 06:21:00,,Gen Ward A,Cardiology,88,Female
MCH-0001293,2026-07-30 20:27:00,,Gen Ward A,Pulmonology,53,Female
MCH-0001294,2026-06-24 19:59:00,,Gen Ward A,Surgery,75,Male
MCH-0001295,2026-07-01 01:14:00,,Gen Ward A,Pulmonology,51,Female
MCH-0001296,2026-06-27 09:00:00,,Gen Ward A,General Medicine,71,Female
MCH-0001297,2026-06-30 13:14:00,,Gen Ward A,General Medicine,53,Female
MCH-0001298,2026-06-26 14:46:00,,Gen Ward A,Paediatrics,38,Female
MCH-0001299,2026-07-12 03:42:00,,Gen Ward A,Pulmonology,41,Female
MCH-0001300,2026-07-05 06:47:00,,Gen Ward A,Emergency Medicine,41,Male
MCH-0001301,2026-07-02 04:38:00,2026-07-04 13:38:00,Paediatrics,Cardiology,63,Female
MCH-0001302,2026-06-22 02:37:00,,Gen Ward A,Surgery,3,Female
MCH-0001303,2026-07-15 15:57:00,,Gen Ward A,Paediatrics,84,Male
MCH-0001304,2026-06-21 05:15:00,,Gen Ward A,Orthopaedics,51,Female
MCH-0001305,2026-06-30 07:46:00,,Gen Ward A,Surgery,73,Female
