order_id,patient_id,test_name,ordered_at,collected_at,resulted_at,priority,department
LAB500001,1001,Electrolytes (Na/K/Cl),13/07/2026 06:12,13/07/2026 06:50,13/07/2026 07:31,URGENT,Emergency Medicine
LAB500002,1001,LFT,13/07/2026 17:44,13/07/2026 18:18,13/07/2026 20:26,Routine,Emergency Medicine
LAB500003,1001,KFT,13/07/2026 19:09,13/07/2026 19:37,13/07/2026 21:47,Routine,Emergency Medicine
LAB500004,1002,Electrolytes (Na/K/Cl),03/08/2026 01:05,03/08/2026 01:25,03/08/2026 02:09,URGENT,Cardiology
LAB500005,1003,Electrolytes (Na/K/Cl),01/08/2026 21:58,01/08/2026 22:25,01/08/2026 22:55,URGENT,General Medicine
LAB500006,1003,CRP,03/08/2026 03:39,03/08/2026 04:23,03/08/2026 05:08,Routine,General Medicine
LAB500007,1004,Electrolytes (Na/K/Cl),23/06/2026 23:03,23/06/2026 23:33,24/06/2026 00:15,URGENT,Emergency Medicine
LAB500008,1005,ABG (Arterial Blood Gas),06/07/2026 15:40,06/07/2026 16:10,06/07/2026 16:07,STAT,General Medicine
LAB500009,1005,ABG (Arterial Blood Gas),06/07/2026 09:32,06/07/2026 10:17,06/07/2026 09:56,STAT,General Medicine
LAB500010,1005,ABG (Arterial Blood Gas),07/07/2026 10:58,07/07/2026 11:40,07/07/2026 15:52,STAT,General Medicine
LAB500011,1006,D-Dimer,24/06/2026 18:59,24/06/2026 19:38,24/06/2026 20:11,STAT,Emergency Medicine
LAB500012,1007,Malaria Antigen (Pf/Pv Rapid),25/07/2026 00:16,25/07/2026 00:35,25/07/2026 00:42,STAT,Surgery
LAB500013,1007,Malaria Antigen (Pf/Pv Rapid),24/07/2026 23:07,24/07/2026 23:41,24/07/2026 23:31,STAT,Surgery
LAB500014,1007,CRP,24/07/2026 18:34,24/07/2026 19:12,24/07/2026 20:10,Routine,Surgery
LAB500015,1008,ABG (Arterial Blood Gas),31/07/2026 02:02,31/07/2026 02:37,31/07/2026 02:28,STAT,Emergency Medicine
LAB500016,1009,Glucose Post Prandial,23/06/2026 23:05,23/06/2026 23:33,24/06/2026 00:06,Routine,General Medicine
LAB500017,1009,Blood Culture & Sensitivity,25/06/2026 03:23,25/06/2026 03:56,25/06/2026 20:05,Routine,General Medicine
LAB500018,1010,Thyroid Profile (T3/T4/TSH),29/07/2026 11:39,29/07/2026 12:11,29/07/2026 14:43,Routine,Orthopaedics
LAB500019,1010,Glucose Post Prandial,30/07/2026 09:48,30/07/2026 10:18,30/07/2026 10:51,Routine,Orthopaedics
LAB500020,1010,Glucose Post Prandial,30/07/2026 00:00,30/07/2026 00:19,30/07/2026 01:14,Routine,Orthopaedics
LAB500021,1011,CRP,12/07/2026 14:27,12/07/2026 15:04,12/07/2026 15:43,Routine,Cardiology
LAB500022,1011,ABG (Arterial Blood Gas),12/07/2026 11:27,12/07/2026 11:52,12/07/2026 11:51,STAT,Cardiology
LAB500023,1011,Lipid Profile,11/07/2026 12:47,11/07/2026 13:14,11/07/2026 15:11,Routine,Cardiology
LAB500024,1012,Blood Culture & Sensitivity,08/07/2026 16:01,08/07/2026 16:45,09/07/2026 07:09,Routine,General Medicine
LAB500025,1013,CRP,21/07/2026 07:08,21/07/2026 07:42,21/07/2026 13:44,Routine,Pulmonology
LAB500026,1013,Thyroid Profile (T3/T4/TSH),21/07/2026 17:21,21/07/2026 17:58,21/07/2026 19:49,Routine,Pulmonology
LAB500027,1014,Lipid Profile,06/07/2026 18:56,06/07/2026 19:11,06/07/2026 22:15,Routine,Pulmonology
LAB500028,1015,Glucose Fasting,01/07/2026 09:02,01/07/2026 09:42,01/07/2026 10:12,Routine,Cardiology
LAB500029,1015,CRP,01/07/2026 07:43,01/07/2026 07:59,01/07/2026 09:22,Routine,Cardiology
LAB500030,1015,KFT,01/07/2026 02:17,01/07/2026 02:56,01/07/2026 04:47,Routine,Cardiology
LAB500031,1016,Electrolytes (Na/K/Cl),03/07/2026 23:10,03/07/2026 23:25,04/07/2026 00:06,URGENT,Paediatrics
LAB500032,1016,LFT,04/07/2026 21:55,04/07/2026 22:33,05/07/2026 00:40,Routine,Paediatrics
LAB500033,1017,Glucose Post Prandial,02/07/2026 04:52,02/07/2026 05:26,02/07/2026 06:00,Routine,Cardiology
LAB500034,1017,Thyroid Profile (T3/T4/TSH),01/07/2026 11:54,01/07/2026 12:14,01/07/2026 14:26,Routine,Cardiology
LAB500035,1018,ABG (Arterial Blood Gas),02/08/2026 21:57,02/08/2026 22:42,03/08/2026 02:46,STAT,Pulmonology
LAB500036,1019,Malaria Antigen (Pf/Pv Rapid),21/07/2026 15:28,21/07/2026 16:08,21/07/2026 15:53,STAT,Cardiology
LAB500037,1019,Thyroid Profile (T3/T4/TSH),21/07/2026 11:25,21/07/2026 11:47,21/07/2026 15:09,Routine,Cardiology
LAB500038,1020,Lipid Profile,26/07/2026 13:16,26/07/2026 13:49,26/07/2026 16:20,Routine,Emergency Medicine
LAB500039,1020,Glucose Fasting,25/07/2026 11:43,25/07/2026 12:18,25/07/2026 12:43,Routine,Emergency Medicine
LAB500040,1021,CRP,29/07/2026 12:11,29/07/2026 12:56,29/07/2026 13:45,Routine,Paediatrics
LAB500041,1021,HbA1c,29/07/2026 08:00,29/07/2026 08:24,29/07/2026 18:12,Routine,Paediatrics
LAB500042,1021,Blood Culture & Sensitivity,29/07/2026 12:49,29/07/2026 13:21,30/07/2026 07:13,Routine,Paediatrics
LAB500043,1022,CRP,08/07/2026 03:11,08/07/2026 03:56,08/07/2026 05:02,Routine,Emergency Medicine
LAB500044,1022,CRP,08/07/2026 17:47,08/07/2026 18:08,08/07/2026 19:09,Routine,Emergency Medicine
LAB500045,1023,CRP,14/07/2026 17:47,14/07/2026 18:28,14/07/2026 19:24,Routine,Cardiology
LAB500046,1023,KFT,14/07/2026 09:42,14/07/2026 10:26,14/07/2026 21:27,Routine,Cardiology
LAB500047,1024,Electrolytes (Na/K/Cl),29/06/2026 17:43,29/06/2026 18:25,29/06/2026 18:38,URGENT,Orthopaedics
LAB500048,1024,Troponin I,30/06/2026 16:34,30/06/2026 16:59,30/06/2026 17:30,STAT,Orthopaedics
LAB500049,1025,Blood Culture & Sensitivity,03/07/2026 16:53,03/07/2026 17:13,04/07/2026 14:58,Routine,General Medicine
LAB500050,1025,Glucose Fasting,04/07/2026 00:36,04/07/2026 01:15,04/07/2026 01:31,Routine,General Medicine
LAB500051,1025,D-Dimer,04/07/2026 02:52,04/07/2026 03:37,04/07/2026 04:01,STAT,General Medicine
LAB500052,1026,Blood Culture & Sensitivity,03/08/2026 13:50,03/08/2026 14:08,04/08/2026 08:05,Routine,Pulmonology
LAB500053,1026,HbA1c,03/08/2026 02:21,03/08/2026 02:57,03/08/2026 04:45,Routine,Pulmonology
LAB500054,1027,Glucose Post Prandial,15/07/2026 19:23,15/07/2026 19:55,15/07/2026 20:25,Routine,Cardiology
LAB500055,1027,Electrolytes (Na/K/Cl),16/07/2026 00:35,16/07/2026 00:55,16/07/2026 01:35,URGENT,Cardiology
LAB500056,1028,D-Dimer,11/07/2026 00:42,11/07/2026 01:24,11/07/2026 01:50,STAT,Surgery
LAB500057,1028,Electrolytes (Na/K/Cl),10/07/2026 09:55,10/07/2026 10:31,10/07/2026 10:52,URGENT,Surgery
LAB500058,1028,Glucose Fasting,10/07/2026 16:54,10/07/2026 17:22,10/07/2026 17:54,Routine,Surgery
LAB500059,1029,KFT,26/07/2026 16:10,26/07/2026 16:25,26/07/2026 18:29,Routine,Pulmonology
LAB500060,1029,Malaria Antigen (Pf/Pv Rapid),26/07/2026 18:53,26/07/2026 19:31,26/07/2026 19:17,STAT,Pulmonology
LAB500061,1029,Glucose Fasting,26/07/2026 21:13,26/07/2026 21:46,27/07/2026 01:15,Routine,Pulmonology
LAB500062,1030,CBC,26/06/2026 08:24,26/06/2026 08:47,26/06/2026 10:02,Routine,Surgery
LAB500063,1031,HbA1c,30/07/2026 08:45,30/07/2026 09:11,30/07/2026 11:08,Routine,Pulmonology
LAB500064,1031,D-Dimer,30/07/2026 03:51,30/07/2026 04:06,30/07/2026 04:56,STAT,Pulmonology
LAB500065,1032,Electrolytes (Na/K/Cl),04/08/2026 14:05,04/08/2026 14:38,04/08/2026 15:15,URGENT,General Medicine
LAB500066,1032,D-Dimer,04/08/2026 19:51,04/08/2026 20:16,04/08/2026 21:00,STAT,General Medicine
LAB500067,1032,HbA1c,05/08/2026 06:25,05/08/2026 06:42,05/08/2026 08:31,Routine,General Medicine
LAB500068,1033,KFT,26/07/2026 10:37,26/07/2026 11:17,26/07/2026 12:51,Routine,Emergency Medicine
LAB500069,1033,Electrolytes (Na/K/Cl),27/07/2026 01:51,27/07/2026 02:35,27/07/2026 06:14,URGENT,Emergency Medicine
LAB500070,1033,CRP,26/07/2026 20:17,26/07/2026 20:52,26/07/2026 21:40,Routine,Emergency Medicine
LAB500071,1034,Thyroid Profile (T3/T4/TSH),09/07/2026 10:13,09/07/2026 10:42,09/07/2026 13:55,Routine,Surgery
LAB500072,1034,HbA1c,10/07/2026 01:45,10/07/2026 02:13,10/07/2026 04:26,Routine,Surgery
LAB500073,1034,KFT,09/07/2026 07:59,09/07/2026 08:22,09/07/2026 10:31,Routine,Surgery
LAB500074,1035,CRP,20/07/2026 08:28,20/07/2026 08:46,20/07/2026 18:07,Routine,Orthopaedics
LAB500075,1036,ABG (Arterial Blood Gas),25/07/2026 07:58,25/07/2026 08:37,25/07/2026 08:24,STAT,Orthopaedics
LAB500076,1036,LFT,25/07/2026 11:13,25/07/2026 11:47,25/07/2026 13:42,Routine,Orthopaedics
LAB500077,1037,Glucose Fasting,25/07/2026 00:13,25/07/2026 00:51,25/07/2026 01:26,Routine,Orthopaedics
LAB500078,1037,KFT,25/07/2026 19:51,25/07/2026 20:11,26/07/2026 05:59,Routine,Orthopaedics
LAB500079,1038,Blood Culture & Sensitivity,05/07/2026 05:49,05/07/2026 06:31,05/07/2026 22:30,Routine,Paediatrics
LAB500080,1038,Troponin I,04/07/2026 08:04,04/07/2026 08:36,04/07/2026 08:52,STAT,Paediatrics
LAB500081,1039,HbA1c,01/08/2026 14:21,01/08/2026 14:56,01/08/2026 16:28,Routine,Emergency Medicine
LAB500082,1039,Glucose Post Prandial,01/08/2026 17:22,01/08/2026 17:44,01/08/2026 18:29,Routine,Emergency Medicine
LAB500083,1039,Glucose Post Prandial,01/08/2026 13:04,01/08/2026 13:23,01/08/2026 13:58,Routine,Emergency Medicine
LAB500084,1040,Glucose Post Prandial,14/07/2026 09:08,14/07/2026 09:40,14/07/2026 17:42,Routine,Emergency Medicine
LAB500085,1041,Glucose Fasting,03/08/2026 19:43,03/08/2026 20:11,03/08/2026 20:55,Routine,Cardiology
LAB500086,1041,D-Dimer,03/08/2026 19:29,03/08/2026 19:55,03/08/2026 20:50,STAT,Cardiology
LAB500087,1042,Thyroid Profile (T3/T4/TSH),17/07/2026 15:16,17/07/2026 15:53,17/07/2026 18:12,Routine,Cardiology
LAB500088,1042,Thyroid Profile (T3/T4/TSH),17/07/2026 14:22,17/07/2026 14:39,17/07/2026 17:06,Routine,Cardiology
LAB500089,1043,D-Dimer,19/07/2026 01:55,19/07/2026 02:30,19/07/2026 03:14,STAT,Pulmonology
LAB500090,1043,Thyroid Profile (T3/T4/TSH),18/07/2026 21:31,18/07/2026 21:48,19/07/2026 00:19,Routine,Pulmonology
LAB500091,1043,Lipid Profile,19/07/2026 14:16,19/07/2026 14:45,19/07/2026 17:32,Routine,Pulmonology
LAB500092,1044,Glucose Post Prandial,22/06/2026 02:03,22/06/2026 02:19,22/06/2026 02:57,Routine,Paediatrics
LAB500093,1045,Glucose Fasting,26/06/2026 09:54,26/06/2026 10:31,26/06/2026 10:48,Routine,General Medicine
LAB500094,1046,KFT,05/07/2026 19:13,05/07/2026 19:34,05/07/2026 21:20,Routine,Surgery
LAB500095,1047,Glucose Post Prandial,29/06/2026 13:56,29/06/2026 14:36,29/06/2026 17:52,Routine,General Medicine
LAB500096,1047,D-Dimer,28/06/2026 17:15,28/06/2026 17:38,28/06/2026 18:11,STAT,General Medicine
LAB500097,1048,KFT,27/06/2026 04:15,27/06/2026 04:56,27/06/2026 06:27,Routine,Paediatrics
LAB500098,1048,CBC,26/06/2026 23:07,26/06/2026 23:44,27/06/2026 00:51,Routine,Paediatrics
LAB500099,1049,CRP,21/07/2026 15:07,21/07/2026 15:36,21/07/2026 16:22,Routine,Surgery
LAB500100,1049,Lipid Profile,22/07/2026 02:25,22/07/2026 02:52,22/07/2026 05:15,Routine,Surgery
LAB500101,1050,KFT,25/06/2026 06:27,25/06/2026 07:11,25/06/2026 08:22,Routine,Pulmonology
LAB500102,1050,Troponin I,25/06/2026 22:52,25/06/2026 23:18,25/06/2026 23:46,STAT,Pulmonology
LAB500103,1051,LFT,24/07/2026 13:08,24/07/2026 13:36,24/07/2026 15:06,Routine,Emergency Medicine
LAB500104,1052,Electrolytes (Na/K/Cl),01/08/2026 18:35,01/08/2026 19:15,01/08/2026 19:59,URGENT,Paediatrics
LAB500105,1052,Electrolytes (Na/K/Cl),02/08/2026 17:54,02/08/2026 18:28,02/08/2026 19:12,URGENT,Paediatrics
LAB500106,1053,KFT,20/07/2026 18:48,20/07/2026 19:24,20/07/2026 21:34,Routine,Surgery
LAB500107,1054,CBC,23/06/2026 18:12,23/06/2026 18:47,23/06/2026 19:46,Routine,Cardiology
LAB500108,1054,LFT,23/06/2026 23:21,23/06/2026 23:43,24/06/2026 01:44,Routine,Cardiology
LAB500109,1054,Lipid Profile,24/06/2026 13:41,24/06/2026 14:24,24/06/2026 16:21,Routine,Cardiology
LAB500110,1055,Thyroid Profile (T3/T4/TSH),27/06/2026 02:48,27/06/2026 03:07,27/06/2026 05:15,Routine,Pulmonology
LAB500111,1055,HbA1c,27/06/2026 08:37,27/06/2026 09:01,27/06/2026 10:55,Routine,Pulmonology
LAB500112,1055,Electrolytes (Na/K/Cl),26/06/2026 15:36,26/06/2026 16:02,26/06/2026 16:44,URGENT,Pulmonology
LAB500113,1056,Malaria Antigen (Pf/Pv Rapid),03/07/2026 14:37,03/07/2026 14:54,03/07/2026 15:01,STAT,Paediatrics
LAB500114,1056,Blood Culture & Sensitivity,02/07/2026 20:01,02/07/2026 20:27,03/07/2026 16:56,Routine,Paediatrics
LAB500115,1056,ABG (Arterial Blood Gas),03/07/2026 04:13,03/07/2026 04:33,03/07/2026 04:37,STAT,Paediatrics
LAB500116,1057,D-Dimer,26/07/2026 01:49,26/07/2026 02:27,26/07/2026 10:08,STAT,Emergency Medicine
LAB500117,1057,Blood Culture & Sensitivity,26/07/2026 10:41,26/07/2026 11:12,27/07/2026 07:30,Routine,Emergency Medicine
LAB500118,1058,Electrolytes (Na/K/Cl),24/07/2026 14:59,24/07/2026 15:27,24/07/2026 15:56,URGENT,General Medicine
LAB500119,1059,Lipid Profile,06/07/2026 11:12,06/07/2026 11:53,06/07/2026 13:51,Routine,Emergency Medicine
LAB500120,1059,CBC,06/07/2026 19:16,06/07/2026 19:46,06/07/2026 20:29,Routine,Emergency Medicine
LAB500121,1059,Lipid Profile,07/07/2026 07:52,07/07/2026 08:22,07/07/2026 11:14,Routine,Emergency Medicine
LAB500122,1060,CBC,08/07/2026 22:07,08/07/2026 22:41,08/07/2026 23:19,Routine,Surgery
LAB500123,1060,Malaria Antigen (Pf/Pv Rapid),08/07/2026 12:34,08/07/2026 13:04,08/07/2026 13:00,STAT,Surgery
LAB500124,1061,D-Dimer,22/07/2026 21:15,22/07/2026 21:47,22/07/2026 22:37,STAT,Paediatrics
LAB500125,1061,Blood Culture & Sensitivity,23/07/2026 17:42,23/07/2026 18:19,25/07/2026 21:35,Routine,Paediatrics
LAB500126,1062,CBC,25/07/2026 02:22,25/07/2026 02:46,25/07/2026 08:03,Routine,Emergency Medicine
LAB500127,1062,ABG (Arterial Blood Gas),25/07/2026 03:35,25/07/2026 04:13,25/07/2026 03:59,STAT,Emergency Medicine
LAB500128,1062,CRP,26/07/2026 07:11,26/07/2026 07:33,26/07/2026 09:02,Routine,Emergency Medicine
LAB500129,1063,HbA1c,24/06/2026 00:58,24/06/2026 01:36,24/06/2026 10:58,Routine,Pulmonology
LAB500130,1063,Glucose Post Prandial,23/06/2026 19:16,23/06/2026 19:52,23/06/2026 20:13,Routine,Pulmonology
LAB500131,1063,D-Dimer,23/06/2026 01:07,23/06/2026 01:34,23/06/2026 02:21,STAT,Pulmonology
LAB500132,1064,Electrolytes (Na/K/Cl),21/07/2026 22:20,21/07/2026 22:46,21/07/2026 23:31,URGENT,Cardiology
LAB500133,1064,Glucose Post Prandial,21/07/2026 16:47,21/07/2026 17:26,21/07/2026 18:07,Routine,Cardiology
LAB500134,1064,Glucose Post Prandial,21/07/2026 08:57,21/07/2026 09:29,21/07/2026 10:15,Routine,Cardiology
LAB500135,1065,Glucose Fasting,07/07/2026 05:11,07/07/2026 05:40,07/07/2026 06:05,Routine,Cardiology
LAB500136,1065,CBC,07/07/2026 00:21,07/07/2026 00:36,07/07/2026 02:14,Routine,Cardiology
LAB500137,1065,Glucose Fasting,06/07/2026 06:02,06/07/2026 06:24,06/07/2026 07:05,Routine,Cardiology
LAB500138,1066,Blood Culture & Sensitivity,24/06/2026 12:20,24/06/2026 12:52,25/06/2026 07:31,Routine,Emergency Medicine
LAB500139,1066,Electrolytes (Na/K/Cl),24/06/2026 03:28,24/06/2026 03:44,24/06/2026 04:26,URGENT,Emergency Medicine
LAB500140,1066,Glucose Fasting,24/06/2026 18:18,24/06/2026 18:51,24/06/2026 19:20,Routine,Emergency Medicine
LAB500141,1067,LFT,28/07/2026 14:50,28/07/2026 15:34,28/07/2026 16:42,Routine,Pulmonology
LAB500142,1067,Glucose Post Prandial,28/07/2026 19:25,28/07/2026 19:55,28/07/2026 20:40,Routine,Pulmonology
LAB500143,1068,Blood Culture & Sensitivity,10/07/2026 12:05,10/07/2026 12:40,11/07/2026 08:37,Routine,Orthopaedics
LAB500144,1068,Electrolytes (Na/K/Cl),11/07/2026 05:32,11/07/2026 06:11,11/07/2026 13:16,URGENT,Orthopaedics
LAB500145,1068,Glucose Post Prandial,11/07/2026 08:53,11/07/2026 09:37,11/07/2026 10:14,Routine,Orthopaedics
LAB500146,1069,HbA1c,03/08/2026 18:41,03/08/2026 19:20,03/08/2026 20:32,Routine,Paediatrics
LAB500147,1070,CBC,31/07/2026 12:13,31/07/2026 12:46,31/07/2026 13:46,Routine,General Medicine
LAB500148,1070,CRP,31/07/2026 00:42,31/07/2026 01:18,31/07/2026 02:10,Routine,General Medicine
LAB500149,1070,Troponin I,31/07/2026 23:44,01/08/2026 00:06,01/08/2026 00:36,STAT,General Medicine
LAB500150,1071,KFT,15/07/2026 05:13,15/07/2026 05:43,15/07/2026 07:04,Routine,Orthopaedics
LAB500151,1071,Glucose Fasting,14/07/2026 13:33,14/07/2026 14:04,14/07/2026 14:48,Routine,Orthopaedics
LAB500152,1071,D-Dimer,14/07/2026 16:38,14/07/2026 17:10,14/07/2026 17:44,STAT,Orthopaedics
LAB500153,1072,CRP,10/07/2026 20:34,10/07/2026 21:12,10/07/2026 21:56,Routine,Emergency Medicine
LAB500154,1072,Glucose Fasting,10/07/2026 12:15,10/07/2026 12:51,10/07/2026 13:11,Routine,Emergency Medicine
LAB500155,1072,Lipid Profile,10/07/2026 11:22,10/07/2026 11:48,10/07/2026 14:12,Routine,Emergency Medicine
LAB500156,1073,Lipid Profile,19/07/2026 22:32,19/07/2026 22:56,20/07/2026 01:25,Routine,Cardiology
LAB500157,1073,Blood Culture & Sensitivity,21/07/2026 01:22,21/07/2026 01:41,21/07/2026 23:31,Routine,Cardiology
LAB500158,1073,CRP,20/07/2026 09:26,20/07/2026 09:52,20/07/2026 11:08,Routine,Cardiology
LAB500159,1074,LFT,25/06/2026 09:07,25/06/2026 09:52,25/06/2026 11:04,Routine,Surgery
LAB500160,1075,CBC,29/06/2026 19:13,29/06/2026 19:53,30/06/2026 02:11,Routine,Orthopaedics
LAB500161,1075,CBC,29/06/2026 18:42,29/06/2026 19:20,29/06/2026 20:02,Routine,Orthopaedics
LAB500162,1076,D-Dimer,04/08/2026 12:48,04/08/2026 13:18,04/08/2026 14:13,STAT,Cardiology
LAB500163,1076,HbA1c,03/08/2026 21:37,03/08/2026 22:10,03/08/2026 23:58,Routine,Cardiology
LAB500164,1076,Glucose Fasting,04/08/2026 06:16,04/08/2026 06:40,04/08/2026 07:31,Routine,Cardiology
LAB500165,1077,CBC,02/08/2026 21:22,02/08/2026 22:07,03/08/2026 04:00,Routine,Cardiology
LAB500166,1077,Glucose Fasting,02/08/2026 15:36,02/08/2026 15:54,02/08/2026 23:52,Routine,Cardiology
LAB500167,1078,Thyroid Profile (T3/T4/TSH),05/07/2026 10:13,05/07/2026 10:44,05/07/2026 12:45,Routine,Emergency Medicine
LAB500168,1078,Glucose Post Prandial,06/07/2026 03:44,06/07/2026 04:18,06/07/2026 04:43,Routine,Emergency Medicine
LAB500169,1078,ABG (Arterial Blood Gas),06/07/2026 01:24,06/07/2026 02:08,06/07/2026 01:48,STAT,Emergency Medicine
LAB500170,1079,Glucose Fasting,07/07/2026 00:51,07/07/2026 01:18,07/07/2026 01:45,Routine,Emergency Medicine
LAB500171,1079,Lipid Profile,07/07/2026 01:42,07/07/2026 02:17,07/07/2026 05:29,Routine,Emergency Medicine
LAB500172,1079,ABG (Arterial Blood Gas),06/07/2026 21:11,06/07/2026 21:27,06/07/2026 21:38,STAT,Emergency Medicine
LAB500173,1080,ABG (Arterial Blood Gas),27/06/2026 16:46,27/06/2026 17:05,27/06/2026 17:10,STAT,Orthopaedics
LAB500174,1081,LFT,05/08/2026 23:37,06/08/2026 00:22,06/08/2026 02:19,Routine,Pulmonology
LAB500175,1082,CRP,30/07/2026 00:21,30/07/2026 00:54,30/07/2026 02:13,Routine,Orthopaedics
LAB500176,1082,Malaria Antigen (Pf/Pv Rapid),29/07/2026 19:34,29/07/2026 20:06,30/07/2026 01:09,STAT,Orthopaedics
LAB500177,1082,Electrolytes (Na/K/Cl),30/07/2026 08:49,30/07/2026 09:29,30/07/2026 09:47,URGENT,Orthopaedics
LAB500178,1083,HbA1c,19/07/2026 05:40,19/07/2026 05:59,19/07/2026 08:25,Routine,Paediatrics
LAB500179,1083,D-Dimer,18/07/2026 05:23,18/07/2026 06:07,18/07/2026 06:21,STAT,Paediatrics
LAB500180,1083,LFT,19/07/2026 07:16,19/07/2026 08:01,19/07/2026 09:15,Routine,Paediatrics
LAB500181,1084,HbA1c,26/07/2026 04:09,26/07/2026 04:34,26/07/2026 06:23,Routine,Orthopaedics
LAB500182,1085,Glucose Fasting,01/07/2026 11:17,01/07/2026 12:01,01/07/2026 12:31,Routine,General Medicine
LAB500183,1085,HbA1c,30/06/2026 23:39,01/07/2026 00:18,01/07/2026 01:35,Routine,General Medicine
LAB500184,1086,D-Dimer,01/08/2026 19:39,01/08/2026 20:12,01/08/2026 20:51,STAT,Surgery
LAB500185,1087,Lipid Profile,30/06/2026 10:02,30/06/2026 10:19,30/06/2026 13:06,Routine,Cardiology
LAB500186,1088,Blood Culture & Sensitivity,24/06/2026 19:55,24/06/2026 20:30,25/06/2026 17:28,Routine,Cardiology
LAB500187,1088,Troponin I,24/06/2026 19:18,24/06/2026 19:38,24/06/2026 19:54,STAT,Cardiology
LAB500188,1088,D-Dimer,23/06/2026 14:09,23/06/2026 14:32,23/06/2026 15:10,STAT,Cardiology
LAB500189,1089,CRP,18/07/2026 01:22,18/07/2026 01:42,18/07/2026 03:15,Routine,Paediatrics
LAB500190,1089,Blood Culture & Sensitivity,18/07/2026 20:02,18/07/2026 20:27,19/07/2026 17:53,Routine,Paediatrics
LAB500191,1089,Thyroid Profile (T3/T4/TSH),18/07/2026 14:07,18/07/2026 14:23,18/07/2026 17:40,Routine,Paediatrics
LAB500192,1090,Glucose Post Prandial,28/06/2026 11:10,28/06/2026 11:55,28/06/2026 12:22,Routine,Paediatrics
LAB500193,1090,ABG (Arterial Blood Gas),27/06/2026 12:04,27/06/2026 12:22,27/06/2026 12:30,STAT,Paediatrics
LAB500194,1090,CBC,28/06/2026 01:04,28/06/2026 01:36,28/06/2026 02:46,Routine,Paediatrics
LAB500195,1091,Thyroid Profile (T3/T4/TSH),23/06/2026 09:46,23/06/2026 10:21,23/06/2026 12:25,Routine,Pulmonology
LAB500196,1091,Troponin I,23/06/2026 01:54,23/06/2026 02:18,23/06/2026 02:36,STAT,Pulmonology
LAB500197,1091,KFT,23/06/2026 03:16,23/06/2026 03:50,23/06/2026 05:47,Routine,Pulmonology
LAB500198,1092,Troponin I,05/08/2026 00:10,05/08/2026 00:48,05/08/2026 00:49,STAT,Pulmonology
LAB500199,1093,Malaria Antigen (Pf/Pv Rapid),24/07/2026 15:15,24/07/2026 15:42,24/07/2026 15:39,STAT,Cardiology
LAB500200,1093,KFT,24/07/2026 10:44,24/07/2026 11:27,24/07/2026 12:44,Routine,Cardiology
LAB500201,1093,Troponin I,23/07/2026 10:23,23/07/2026 10:48,23/07/2026 11:18,STAT,Cardiology
LAB500202,1094,HbA1c,31/07/2026 18:16,31/07/2026 18:34,31/07/2026 20:43,Routine,General Medicine
LAB500203,1095,ABG (Arterial Blood Gas),19/07/2026 12:16,19/07/2026 12:56,19/07/2026 12:40,STAT,General Medicine
LAB500204,1096,Thyroid Profile (T3/T4/TSH),09/07/2026 23:05,09/07/2026 23:21,10/07/2026 02:45,Routine,Emergency Medicine
LAB500205,1097,Blood Culture & Sensitivity,22/07/2026 22:13,22/07/2026 22:55,23/07/2026 19:04,Routine,Pulmonology
LAB500206,1097,CBC,23/07/2026 15:22,23/07/2026 15:46,23/07/2026 17:14,Routine,Pulmonology
LAB500207,1097,Glucose Fasting,23/07/2026 00:10,23/07/2026 00:53,23/07/2026 04:46,Routine,Pulmonology
LAB500208,1098,D-Dimer,24/07/2026 20:10,24/07/2026 20:39,24/07/2026 21:19,STAT,Orthopaedics
LAB500209,1098,D-Dimer,24/07/2026 04:48,24/07/2026 05:31,24/07/2026 05:48,STAT,Orthopaedics
LAB500210,1098,Lipid Profile,25/07/2026 10:39,25/07/2026 11:07,25/07/2026 13:53,Routine,Orthopaedics
LAB500211,1099,CRP,08/07/2026 20:11,08/07/2026 20:45,08/07/2026 21:57,Routine,Paediatrics
LAB500212,1100,CBC,12/07/2026 00:51,12/07/2026 01:07,12/07/2026 02:04,Routine,Surgery
LAB500213,1101,Lipid Profile,29/06/2026 08:25,29/06/2026 09:09,29/06/2026 17:30,Routine,General Medicine
LAB500214,1102,KFT,01/07/2026 09:32,01/07/2026 10:08,01/07/2026 11:57,Routine,General Medicine
LAB500215,1103,KFT,21/07/2026 21:10,21/07/2026 21:43,21/07/2026 23:00,Routine,Paediatrics
LAB500216,1103,D-Dimer,21/07/2026 10:43,21/07/2026 11:09,21/07/2026 12:02,STAT,Paediatrics
LAB500217,1103,D-Dimer,21/07/2026 19:16,21/07/2026 19:48,22/07/2026 00:51,STAT,Paediatrics
LAB500218,1104,HbA1c,07/07/2026 04:02,07/07/2026 04:33,07/07/2026 06:03,Routine,Emergency Medicine
LAB500219,1105,Electrolytes (Na/K/Cl),17/07/2026 15:04,17/07/2026 15:37,17/07/2026 16:17,URGENT,Emergency Medicine
LAB500220,1106,Troponin I,28/06/2026 02:08,28/06/2026 02:42,28/06/2026 02:49,STAT,Paediatrics
LAB500221,1107,Electrolytes (Na/K/Cl),01/07/2026 01:45,01/07/2026 02:04,01/07/2026 02:54,URGENT,General Medicine
LAB500222,1107,HbA1c,01/07/2026 10:17,01/07/2026 10:57,01/07/2026 12:43,Routine,General Medicine
LAB500223,1107,HbA1c,30/06/2026 20:58,30/06/2026 21:13,01/07/2026 06:01,Routine,General Medicine
LAB500224,1108,HbA1c,22/07/2026 18:25,22/07/2026 18:59,22/07/2026 20:39,Routine,Emergency Medicine
LAB500225,1109,Glucose Post Prandial,03/08/2026 17:56,03/08/2026 18:31,03/08/2026 19:10,Routine,General Medicine
LAB500226,1109,HbA1c,03/08/2026 00:21,03/08/2026 01:01,03/08/2026 08:30,Routine,General Medicine
LAB500227,1110,Glucose Post Prandial,07/07/2026 08:08,07/07/2026 08:44,07/07/2026 09:14,Routine,Paediatrics
LAB500228,1110,Electrolytes (Na/K/Cl),07/07/2026 09:54,07/07/2026 10:14,07/07/2026 11:14,URGENT,Paediatrics
LAB500229,1110,Malaria Antigen (Pf/Pv Rapid),08/07/2026 14:59,08/07/2026 15:29,08/07/2026 15:23,STAT,Paediatrics
LAB500230,1111,KFT,13/07/2026 11:08,13/07/2026 11:50,13/07/2026 13:17,Routine,Orthopaedics
LAB500231,1111,D-Dimer,13/07/2026 08:10,13/07/2026 08:48,13/07/2026 14:01,STAT,Orthopaedics
LAB500232,1112,HbA1c,10/07/2026 22:00,10/07/2026 22:32,11/07/2026 07:40,Routine,Paediatrics
LAB500233,1112,Glucose Post Prandial,10/07/2026 23:29,10/07/2026 23:48,11/07/2026 00:23,Routine,Paediatrics
LAB500234,1112,Thyroid Profile (T3/T4/TSH),11/07/2026 12:18,11/07/2026 12:38,11/07/2026 15:14,Routine,Paediatrics
LAB500235,1113,LFT,14/07/2026 18:41,14/07/2026 19:23,14/07/2026 20:30,Routine,Emergency Medicine
LAB500236,1113,Thyroid Profile (T3/T4/TSH),14/07/2026 04:27,14/07/2026 05:10,14/07/2026 07:28,Routine,Emergency Medicine
LAB500237,1113,Glucose Fasting,14/07/2026 12:29,14/07/2026 12:53,14/07/2026 13:34,Routine,Emergency Medicine
LAB500238,1114,D-Dimer,18/07/2026 17:50,18/07/2026 18:07,18/07/2026 18:44,STAT,Cardiology
LAB500239,1115,Malaria Antigen (Pf/Pv Rapid),24/06/2026 17:04,24/06/2026 17:25,24/06/2026 17:28,STAT,Pulmonology
LAB500240,1115,Blood Culture & Sensitivity,24/06/2026 18:14,24/06/2026 18:53,25/06/2026 15:05,Routine,Pulmonology
LAB500241,1116,Blood Culture & Sensitivity,19/07/2026 19:51,19/07/2026 20:10,20/07/2026 10:33,Routine,Surgery
LAB500242,1117,HbA1c,15/07/2026 08:55,15/07/2026 09:10,15/07/2026 10:45,Routine,Paediatrics
LAB500243,1117,Blood Culture & Sensitivity,14/07/2026 05:09,14/07/2026 05:38,14/07/2026 20:24,Routine,Paediatrics
LAB500244,1118,HbA1c,26/07/2026 07:17,26/07/2026 07:50,26/07/2026 09:45,Routine,Pulmonology
LAB500245,1118,CRP,26/07/2026 08:28,26/07/2026 08:49,26/07/2026 10:02,Routine,Pulmonology
LAB500246,1118,D-Dimer,26/07/2026 16:58,26/07/2026 17:16,26/07/2026 17:56,STAT,Pulmonology
LAB500247,1119,CBC,04/08/2026 07:14,04/08/2026 07:32,04/08/2026 08:40,Routine,Cardiology
LAB500248,1120,Glucose Fasting,29/06/2026 02:35,29/06/2026 03:15,29/06/2026 03:36,Routine,Emergency Medicine
LAB500249,1120,LFT,29/06/2026 12:29,29/06/2026 13:12,29/06/2026 14:44,Routine,Emergency Medicine
LAB500250,1121,CBC,22/07/2026 08:23,22/07/2026 08:59,22/07/2026 14:59,Routine,Surgery
LAB500251,1122,Thyroid Profile (T3/T4/TSH),29/06/2026 23:43,30/06/2026 00:20,30/06/2026 02:56,Routine,General Medicine
LAB500252,1123,HbA1c,01/08/2026 06:56,01/08/2026 07:22,01/08/2026 09:35,Routine,General Medicine
LAB500253,1123,HbA1c,01/08/2026 12:22,01/08/2026 13:06,01/08/2026 14:39,Routine,General Medicine
LAB500254,1123,KFT,31/07/2026 08:09,31/07/2026 08:49,31/07/2026 10:26,Routine,General Medicine
LAB500255,1124,Glucose Fasting,30/07/2026 01:23,30/07/2026 01:45,30/07/2026 02:21,Routine,Surgery
LAB500256,1124,Malaria Antigen (Pf/Pv Rapid),29/07/2026 12:51,29/07/2026 13:17,29/07/2026 13:16,STAT,Surgery
LAB500257,1125,Glucose Post Prandial,31/07/2026 22:47,31/07/2026 23:17,01/08/2026 04:53,Routine,Pulmonology
LAB500258,1125,Glucose Post Prandial,01/08/2026 08:47,01/08/2026 09:29,01/08/2026 10:05,Routine,Pulmonology
LAB500259,1125,Electrolytes (Na/K/Cl),31/07/2026 10:50,31/07/2026 11:08,31/07/2026 12:06,URGENT,Pulmonology
LAB500260,1126,Glucose Post Prandial,01/07/2026 07:36,01/07/2026 07:53,01/07/2026 08:46,Routine,Orthopaedics
LAB500261,1127,Electrolytes (Na/K/Cl),30/06/2026 14:18,30/06/2026 14:52,30/06/2026 15:17,URGENT,General Medicine
LAB500262,1127,Troponin I,30/06/2026 12:07,30/06/2026 12:32,30/06/2026 12:57,STAT,General Medicine
LAB500263,1128,D-Dimer,24/07/2026 03:07,24/07/2026 03:47,24/07/2026 04:22,STAT,Pulmonology
LAB500264,1128,KFT,23/07/2026 04:18,23/07/2026 05:02,23/07/2026 06:58,Routine,Pulmonology
LAB500265,1129,Electrolytes (Na/K/Cl),02/08/2026 11:50,02/08/2026 12:22,02/08/2026 17:46,URGENT,Orthopaedics
LAB500266,1130,Thyroid Profile (T3/T4/TSH),14/07/2026 06:56,14/07/2026 07:14,14/07/2026 10:10,Routine,General Medicine
LAB500267,1130,Blood Culture & Sensitivity,15/07/2026 02:38,15/07/2026 03:08,15/07/2026 17:32,Routine,General Medicine
LAB500268,1131,Blood Culture & Sensitivity,30/06/2026 00:34,30/06/2026 01:07,30/06/2026 20:18,Routine,Paediatrics
LAB500269,1132,D-Dimer,30/07/2026 04:52,30/07/2026 05:11,30/07/2026 05:55,STAT,Paediatrics
LAB500270,1133,Electrolytes (Na/K/Cl),13/07/2026 10:19,13/07/2026 10:40,13/07/2026 11:22,URGENT,Paediatrics
LAB500271,1133,Electrolytes (Na/K/Cl),13/07/2026 02:05,13/07/2026 02:50,13/07/2026 03:21,URGENT,Paediatrics
LAB500272,1133,Malaria Antigen (Pf/Pv Rapid),13/07/2026 04:12,13/07/2026 04:45,13/07/2026 11:37,STAT,Paediatrics
LAB500273,1134,Blood Culture & Sensitivity,31/07/2026 17:33,31/07/2026 17:57,02/08/2026 23:00,Routine,Orthopaedics
LAB500274,1134,CBC,31/07/2026 09:24,31/07/2026 09:56,31/07/2026 10:51,Routine,Orthopaedics
LAB500275,1135,Blood Culture & Sensitivity,16/07/2026 14:41,16/07/2026 15:09,17/07/2026 08:23,Routine,Paediatrics
LAB500276,1135,Glucose Post Prandial,17/07/2026 13:51,17/07/2026 14:18,17/07/2026 14:51,Routine,Paediatrics
LAB500277,1136,Troponin I,15/07/2026 03:23,15/07/2026 03:55,15/07/2026 04:18,STAT,Orthopaedics
LAB500278,1137,KFT,10/07/2026 13:40,10/07/2026 14:16,10/07/2026 20:13,Routine,General Medicine
LAB500279,1137,Lipid Profile,09/07/2026 19:54,09/07/2026 20:32,09/07/2026 23:13,Routine,General Medicine
LAB500280,1138,LFT,12/07/2026 21:59,12/07/2026 22:39,13/07/2026 00:15,Routine,Emergency Medicine
LAB500281,1139,Electrolytes (Na/K/Cl),28/06/2026 08:26,28/06/2026 08:46,28/06/2026 09:33,URGENT,General Medicine
LAB500282,1139,Blood Culture & Sensitivity,28/06/2026 09:11,28/06/2026 09:37,29/06/2026 03:09,Routine,General Medicine
LAB500283,1139,CBC,28/06/2026 12:41,28/06/2026 13:19,28/06/2026 14:14,Routine,General Medicine
LAB500284,1140,Malaria Antigen (Pf/Pv Rapid),27/07/2026 01:02,27/07/2026 01:28,27/07/2026 03:14,STAT,Cardiology
LAB500285,1140,Troponin I,26/07/2026 13:33,26/07/2026 14:06,26/07/2026 14:23,STAT,Cardiology
LAB500286,1141,HbA1c,24/06/2026 00:20,24/06/2026 00:59,24/06/2026 02:37,Routine,Surgery
LAB500287,1142,ABG (Arterial Blood Gas),28/07/2026 18:14,28/07/2026 18:44,28/07/2026 18:38,STAT,Orthopaedics
LAB500288,1143,LFT,21/07/2026 16:07,21/07/2026 16:40,21/07/2026 17:58,Routine,Surgery
LAB500289,1143,Glucose Post Prandial,21/07/2026 16:05,21/07/2026 16:20,21/07/2026 17:15,Routine,Surgery
LAB500290,1143,Troponin I,21/07/2026 02:42,21/07/2026 03:08,21/07/2026 03:34,STAT,Surgery
LAB500291,1144,KFT,16/07/2026 08:50,16/07/2026 09:34,16/07/2026 10:57,Routine,Cardiology
LAB500292,1144,D-Dimer,16/07/2026 22:09,16/07/2026 22:44,16/07/2026 23:08,STAT,Cardiology
LAB500293,1145,Lipid Profile,27/07/2026 04:07,27/07/2026 04:45,27/07/2026 06:55,Routine,Surgery
LAB500294,1146,KFT,31/07/2026 00:18,31/07/2026 01:00,31/07/2026 02:21,Routine,Paediatrics
LAB500295,1147,Glucose Fasting,26/06/2026 19:22,26/06/2026 19:45,26/06/2026 23:28,Routine,Emergency Medicine
LAB500296,1147,KFT,26/06/2026 11:10,26/06/2026 11:39,26/06/2026 13:09,Routine,Emergency Medicine
LAB500297,1147,D-Dimer,26/06/2026 16:59,26/06/2026 17:19,26/06/2026 18:20,STAT,Emergency Medicine
LAB500298,1148,LFT,24/07/2026 08:45,24/07/2026 09:29,24/07/2026 11:25,Routine,Emergency Medicine
LAB500299,1148,D-Dimer,25/07/2026 01:56,25/07/2026 02:23,25/07/2026 03:03,STAT,Emergency Medicine
LAB500300,1149,KFT,20/07/2026 20:27,20/07/2026 21:05,20/07/2026 22:18,Routine,Orthopaedics
LAB500301,1149,Glucose Fasting,20/07/2026 13:54,20/07/2026 14:14,20/07/2026 15:03,Routine,Orthopaedics
LAB500302,1149,Troponin I,21/07/2026 17:05,21/07/2026 17:32,21/07/2026 17:49,STAT,Orthopaedics
LAB500303,1150,KFT,26/06/2026 09:57,26/06/2026 10:25,26/06/2026 21:32,Routine,Cardiology
LAB500304,1150,Troponin I,26/06/2026 00:45,26/06/2026 01:10,26/06/2026 01:35,STAT,Cardiology
LAB500305,1151,LFT,04/08/2026 17:35,04/08/2026 18:01,04/08/2026 19:50,Routine,Cardiology
LAB500306,1152,Blood Culture & Sensitivity,04/08/2026 01:55,04/08/2026 02:18,04/08/2026 17:08,Routine,Pulmonology
LAB500307,1152,Lipid Profile,04/08/2026 10:03,04/08/2026 10:42,04/08/2026 12:47,Routine,Pulmonology
LAB500308,1152,Lipid Profile,03/08/2026 21:07,03/08/2026 21:32,04/08/2026 00:54,Routine,Pulmonology
LAB500309,1153,ABG (Arterial Blood Gas),21/06/2026 16:56,21/06/2026 17:11,21/06/2026 17:20,STAT,Orthopaedics
LAB500310,1153,LFT,23/06/2026 01:19,23/06/2026 01:55,23/06/2026 03:20,Routine,Orthopaedics
LAB500311,1154,Glucose Fasting,24/06/2026 01:34,24/06/2026 01:49,24/06/2026 02:29,Routine,General Medicine
LAB500312,1154,Electrolytes (Na/K/Cl),24/06/2026 03:10,24/06/2026 03:45,24/06/2026 11:56,URGENT,General Medicine
LAB500313,1155,Blood Culture & Sensitivity,24/07/2026 00:50,24/07/2026 01:26,24/07/2026 20:40,Routine,Surgery
LAB500314,1156,Malaria Antigen (Pf/Pv Rapid),17/07/2026 05:53,17/07/2026 06:13,17/07/2026 06:17,STAT,Surgery
LAB500315,1157,Lipid Profile,24/07/2026 19:23,24/07/2026 19:46,24/07/2026 22:45,Routine,Orthopaedics
LAB500316,1158,D-Dimer,30/07/2026 00:18,30/07/2026 00:38,30/07/2026 01:20,STAT,Surgery
LAB500317,1158,CBC,30/07/2026 04:26,30/07/2026 04:51,30/07/2026 05:48,Routine,Surgery
LAB500318,1158,Blood Culture & Sensitivity,29/07/2026 20:13,29/07/2026 20:42,01/08/2026 02:06,Routine,Surgery
LAB500319,1159,Electrolytes (Na/K/Cl),29/06/2026 09:59,29/06/2026 10:34,29/06/2026 10:57,URGENT,General Medicine
LAB500320,1160,CRP,13/07/2026 01:14,13/07/2026 01:43,13/07/2026 02:30,Routine,Surgery
LAB500321,1160,LFT,12/07/2026 22:52,12/07/2026 23:30,13/07/2026 01:08,Routine,Surgery
LAB500322,1161,KFT,05/07/2026 09:08,05/07/2026 09:24,05/07/2026 11:12,Routine,Orthopaedics
LAB500323,1161,HbA1c,06/07/2026 06:06,06/07/2026 06:33,06/07/2026 08:26,Routine,Orthopaedics
LAB500324,1162,Troponin I,27/07/2026 09:08,27/07/2026 09:50,27/07/2026 10:01,STAT,Pulmonology
LAB500325,1162,LFT,27/07/2026 15:57,27/07/2026 16:12,27/07/2026 18:28,Routine,Pulmonology
LAB500326,1163,LFT,03/07/2026 13:40,03/07/2026 14:06,03/07/2026 15:47,Routine,Pulmonology
LAB500327,1163,CBC,02/07/2026 08:04,02/07/2026 08:36,02/07/2026 09:30,Routine,Pulmonology
LAB500328,1164,D-Dimer,23/07/2026 18:04,23/07/2026 18:25,23/07/2026 18:59,STAT,General Medicine
LAB500329,1164,Thyroid Profile (T3/T4/TSH),23/07/2026 11:42,23/07/2026 12:19,23/07/2026 14:14,Routine,General Medicine
LAB500330,1165,Glucose Post Prandial,09/07/2026 09:23,09/07/2026 10:06,09/07/2026 10:40,Routine,Orthopaedics
LAB500331,1165,KFT,08/07/2026 04:30,08/07/2026 04:45,08/07/2026 06:55,Routine,Orthopaedics
LAB500332,1165,Troponin I,09/07/2026 02:22,09/07/2026 03:02,09/07/2026 03:04,STAT,Orthopaedics
LAB500333,1166,Blood Culture & Sensitivity,31/07/2026 05:17,31/07/2026 05:33,31/07/2026 22:31,Routine,General Medicine
LAB500334,1166,HbA1c,30/07/2026 03:41,30/07/2026 03:59,30/07/2026 06:10,Routine,General Medicine
LAB500335,1166,ABG (Arterial Blood Gas),31/07/2026 06:59,31/07/2026 07:41,31/07/2026 07:23,STAT,General Medicine
LAB500336,1167,CRP,31/07/2026 14:07,31/07/2026 14:45,31/07/2026 15:46,Routine,Surgery
LAB500337,1167,Troponin I,31/07/2026 12:20,31/07/2026 12:57,31/07/2026 12:56,STAT,Surgery
LAB500338,1167,Lipid Profile,31/07/2026 14:02,31/07/2026 14:26,31/07/2026 16:34,Routine,Surgery
LAB500339,1167,KFT,31/07/2026 14:57,31/07/2026 15:38,01/08/2026 00:11,Routine,Surgery
LAB500340,1167,D-Dimer,01/08/2026 00:09,01/08/2026 00:49,01/08/2026 01:13,STAT,Surgery
LAB500341,1167,Blood Culture & Sensitivity,01/08/2026 11:25,01/08/2026 11:43,02/08/2026 06:39,Routine,Surgery
LAB500342,1168,Glucose Post Prandial,23/06/2026 06:01,23/06/2026 06:17,23/06/2026 07:05,Routine,Orthopaedics
LAB500343,1169,Glucose Fasting,05/08/2026 07:47,05/08/2026 08:15,05/08/2026 08:52,Routine,General Medicine
LAB500344,1170,Troponin I,27/06/2026 14:13,27/06/2026 14:46,27/06/2026 17:15,STAT,Cardiology
LAB500345,1171,Electrolytes (Na/K/Cl),15/07/2026 23:00,15/07/2026 23:20,16/07/2026 05:10,URGENT,Orthopaedics
LAB500346,1171,CBC,14/07/2026 22:22,14/07/2026 23:06,15/07/2026 06:27,Routine,Orthopaedics
LAB500347,1171,Malaria Antigen (Pf/Pv Rapid),15/07/2026 16:37,15/07/2026 17:14,15/07/2026 17:03,STAT,Orthopaedics
LAB500348,1172,KFT,15/07/2026 08:32,15/07/2026 09:07,15/07/2026 10:48,Routine,Surgery
LAB500349,1172,CRP,15/07/2026 07:02,15/07/2026 07:39,15/07/2026 12:31,Routine,Surgery
LAB500350,1172,Troponin I,15/07/2026 01:03,15/07/2026 01:44,15/07/2026 01:46,STAT,Surgery
LAB500351,1173,ABG (Arterial Blood Gas),23/07/2026 13:18,23/07/2026 13:36,23/07/2026 13:46,STAT,Orthopaedics
LAB500352,1174,Glucose Post Prandial,28/07/2026 11:42,28/07/2026 12:04,28/07/2026 12:55,Routine,General Medicine
LAB500353,1174,CRP,27/07/2026 18:13,27/07/2026 18:34,27/07/2026 23:32,Routine,General Medicine
LAB500354,1174,Blood Culture & Sensitivity,28/07/2026 07:41,28/07/2026 08:01,29/07/2026 05:50,Routine,General Medicine
LAB500355,1175,Lipid Profile,25/06/2026 19:34,25/06/2026 19:55,25/06/2026 22:26,Routine,Emergency Medicine
LAB500356,1176,CBC,12/07/2026 06:08,12/07/2026 06:24,12/07/2026 07:27,Routine,Emergency Medicine
LAB500357,1176,D-Dimer,12/07/2026 00:52,12/07/2026 01:23,12/07/2026 08:47,STAT,Emergency Medicine
LAB500358,1177,Troponin I,06/07/2026 15:50,06/07/2026 16:11,06/07/2026 16:44,STAT,Orthopaedics
LAB500359,1177,CRP,06/07/2026 02:44,06/07/2026 03:06,06/07/2026 11:17,Routine,Orthopaedics
LAB500360,1177,Blood Culture & Sensitivity,06/07/2026 07:48,06/07/2026 08:31,07/07/2026 02:09,Routine,Orthopaedics
LAB500361,1178,CBC,10/07/2026 10:13,10/07/2026 10:34,10/07/2026 11:44,Routine,Pulmonology
LAB500362,1178,Thyroid Profile (T3/T4/TSH),10/07/2026 06:12,10/07/2026 06:41,10/07/2026 09:29,Routine,Pulmonology
LAB500363,1179,CRP,28/07/2026 18:42,28/07/2026 18:58,28/07/2026 19:56,Routine,Pulmonology
LAB500364,1179,KFT,28/07/2026 05:28,28/07/2026 05:57,28/07/2026 07:26,Routine,Pulmonology
LAB500365,1180,CRP,01/08/2026 22:40,01/08/2026 23:00,02/08/2026 00:18,Routine,General Medicine
LAB500366,1180,Electrolytes (Na/K/Cl),01/08/2026 14:38,01/08/2026 15:10,01/08/2026 15:34,URGENT,General Medicine
LAB500367,1181,Troponin I,27/07/2026 06:05,27/07/2026 06:35,27/07/2026 06:46,STAT,Surgery
LAB500368,1181,HbA1c,27/07/2026 20:15,27/07/2026 20:57,27/07/2026 22:23,Routine,Surgery
LAB500369,1181,Electrolytes (Na/K/Cl),27/07/2026 07:25,27/07/2026 08:09,27/07/2026 08:23,URGENT,Surgery
LAB500370,1182,Malaria Antigen (Pf/Pv Rapid),29/06/2026 20:45,29/06/2026 21:01,30/06/2026 01:20,STAT,Emergency Medicine
LAB500371,1182,D-Dimer,01/07/2026 04:21,01/07/2026 04:49,01/07/2026 05:30,STAT,Emergency Medicine
LAB500372,1182,D-Dimer,30/06/2026 02:47,30/06/2026 03:17,30/06/2026 03:58,STAT,Emergency Medicine
LAB500373,1183,HbA1c,24/06/2026 09:20,24/06/2026 09:39,24/06/2026 11:23,Routine,Paediatrics
LAB500374,1184,CBC,06/07/2026 04:22,06/07/2026 04:46,06/07/2026 05:53,Routine,Pulmonology
LAB500375,1185,HbA1c,04/08/2026 13:05,04/08/2026 13:34,04/08/2026 15:48,Routine,Paediatrics
LAB500376,1185,Thyroid Profile (T3/T4/TSH),04/08/2026 23:26,05/08/2026 00:08,05/08/2026 02:29,Routine,Paediatrics
LAB500377,1185,Lipid Profile,04/08/2026 12:31,04/08/2026 13:06,05/08/2026 01:55,Routine,Paediatrics
LAB500378,1186,ABG (Arterial Blood Gas),15/07/2026 06:43,15/07/2026 07:11,15/07/2026 07:08,STAT,Orthopaedics
LAB500379,1186,Electrolytes (Na/K/Cl),16/07/2026 15:01,16/07/2026 15:41,16/07/2026 16:16,URGENT,Orthopaedics
LAB500380,1187,Malaria Antigen (Pf/Pv Rapid),28/06/2026 12:10,28/06/2026 12:54,28/06/2026 19:21,STAT,Paediatrics
LAB500381,1187,Lipid Profile,28/06/2026 14:19,28/06/2026 14:35,29/06/2026 00:49,Routine,Paediatrics
LAB500382,1187,Electrolytes (Na/K/Cl),27/06/2026 16:46,27/06/2026 17:12,27/06/2026 17:57,URGENT,Paediatrics
LAB500383,1188,ABG (Arterial Blood Gas),09/07/2026 02:19,09/07/2026 02:44,09/07/2026 02:43,STAT,Pulmonology
LAB500384,1189,HbA1c,03/08/2026 14:14,03/08/2026 14:52,03/08/2026 16:22,Routine,Pulmonology
LAB500385,1189,Malaria Antigen (Pf/Pv Rapid),03/08/2026 17:58,03/08/2026 18:34,03/08/2026 18:22,STAT,Pulmonology
LAB500386,1190,Glucose Post Prandial,21/07/2026 08:18,21/07/2026 08:49,21/07/2026 09:15,Routine,Emergency Medicine
LAB500387,1190,HbA1c,21/07/2026 14:30,21/07/2026 15:11,21/07/2026 16:36,Routine,Emergency Medicine
LAB500388,1191,Glucose Post Prandial,27/06/2026 13:05,27/06/2026 13:48,27/06/2026 14:01,Routine,Pulmonology
LAB500389,1191,Thyroid Profile (T3/T4/TSH),27/06/2026 20:11,27/06/2026 20:56,27/06/2026 22:44,Routine,Pulmonology
LAB500390,1191,Glucose Fasting,27/06/2026 16:37,27/06/2026 16:56,27/06/2026 17:58,Routine,Pulmonology
LAB500391,1192,Lipid Profile,28/07/2026 08:40,28/07/2026 09:08,28/07/2026 11:49,Routine,General Medicine
LAB500392,1192,KFT,29/07/2026 13:44,29/07/2026 14:12,29/07/2026 16:12,Routine,General Medicine
LAB500393,1192,Glucose Fasting,28/07/2026 19:26,28/07/2026 19:41,28/07/2026 20:27,Routine,General Medicine
LAB500394,1193,Lipid Profile,05/08/2026 15:44,05/08/2026 16:17,05/08/2026 19:02,Routine,Paediatrics
LAB500395,1193,Glucose Post Prandial,06/08/2026 01:55,06/08/2026 02:31,06/08/2026 03:15,Routine,Paediatrics
LAB500396,1193,Troponin I,05/08/2026 23:37,06/08/2026 00:10,06/08/2026 06:27,STAT,Paediatrics
LAB500397,1194,D-Dimer,11/07/2026 09:02,11/07/2026 09:32,11/07/2026 10:05,STAT,Surgery
LAB500398,1195,KFT,14/07/2026 21:49,14/07/2026 22:18,15/07/2026 00:15,Routine,Surgery
LAB500399,1196,HbA1c,09/07/2026 06:11,09/07/2026 06:31,09/07/2026 08:51,Routine,Pulmonology
LAB500400,1197,Malaria Antigen (Pf/Pv Rapid),19/07/2026 18:37,19/07/2026 18:59,20/07/2026 02:04,STAT,Pulmonology
LAB500401,1197,Electrolytes (Na/K/Cl),19/07/2026 17:55,19/07/2026 18:18,19/07/2026 18:55,URGENT,Pulmonology
LAB500402,1197,HbA1c,19/07/2026 12:09,19/07/2026 12:34,19/07/2026 14:06,Routine,Pulmonology
LAB500403,1198,ABG (Arterial Blood Gas),10/07/2026 19:18,10/07/2026 19:42,10/07/2026 21:26,STAT,Surgery
LAB500404,1198,Malaria Antigen (Pf/Pv Rapid),11/07/2026 16:33,11/07/2026 16:52,11/07/2026 17:00,STAT,Surgery
LAB500405,1199,CBC,22/06/2026 17:53,22/06/2026 18:18,22/06/2026 19:17,Routine,Cardiology
LAB500406,1200,D-Dimer,29/06/2026 07:40,29/06/2026 08:13,29/06/2026 09:03,STAT,Paediatrics
LAB500407,1200,Glucose Post Prandial,29/06/2026 05:35,29/06/2026 06:05,29/06/2026 06:33,Routine,Paediatrics
LAB500408,1201,LFT,31/07/2026 01:29,31/07/2026 01:56,31/07/2026 03:30,Routine,Pulmonology
LAB500409,1201,Glucose Post Prandial,30/07/2026 11:48,30/07/2026 12:04,30/07/2026 12:48,Routine,Pulmonology
LAB500410,1201,ABG (Arterial Blood Gas),30/07/2026 21:18,30/07/2026 22:02,30/07/2026 21:42,STAT,Pulmonology
LAB500411,1202,ABG (Arterial Blood Gas),26/06/2026 21:18,26/06/2026 21:54,26/06/2026 21:46,STAT,Surgery
LAB500412,1203,CRP,28/06/2026 23:51,29/06/2026 00:25,29/06/2026 01:42,Routine,Pulmonology
LAB500413,1203,Malaria Antigen (Pf/Pv Rapid),28/06/2026 15:56,28/06/2026 16:15,28/06/2026 16:20,STAT,Pulmonology
LAB500414,1204,Glucose Post Prandial,24/06/2026 09:34,24/06/2026 10:00,24/06/2026 10:58,Routine,Orthopaedics
LAB500415,1204,Blood Culture & Sensitivity,25/06/2026 20:21,25/06/2026 20:42,26/06/2026 14:28,Routine,Orthopaedics
LAB500416,1205,D-Dimer,30/07/2026 17:35,30/07/2026 17:55,30/07/2026 18:59,STAT,Orthopaedics
LAB500417,1205,Thyroid Profile (T3/T4/TSH),30/07/2026 15:25,30/07/2026 16:06,30/07/2026 17:56,Routine,Orthopaedics
LAB500418,1206,Glucose Fasting,06/07/2026 18:54,06/07/2026 19:25,06/07/2026 19:50,Routine,Cardiology
LAB500419,1207,D-Dimer,25/07/2026 01:55,25/07/2026 02:10,25/07/2026 03:17,STAT,Paediatrics
LAB500420,1207,Thyroid Profile (T3/T4/TSH),24/07/2026 13:25,24/07/2026 13:54,24/07/2026 16:52,Routine,Paediatrics
LAB500421,1207,KFT,24/07/2026 14:01,24/07/2026 14:42,24/07/2026 16:23,Routine,Paediatrics
LAB500422,1208,Blood Culture & Sensitivity,05/08/2026 23:33,06/08/2026 00:06,06/08/2026 18:38,Routine,Paediatrics
LAB500423,1209,CRP,22/07/2026 10:52,22/07/2026 11:07,22/07/2026 12:16,Routine,General Medicine
LAB500424,1209,Lipid Profile,23/07/2026 15:09,23/07/2026 15:44,23/07/2026 17:57,Routine,General Medicine
LAB500425,1210,Troponin I,11/07/2026 08:53,11/07/2026 09:11,11/07/2026 09:39,STAT,Pulmonology
LAB500426,1211,Electrolytes (Na/K/Cl),09/07/2026 17:57,09/07/2026 18:27,09/07/2026 19:18,URGENT,Emergency Medicine
LAB500427,1212,Lipid Profile,25/07/2026 22:53,25/07/2026 23:34,26/07/2026 10:12,Routine,Surgery
LAB500428,1212,Electrolytes (Na/K/Cl),24/07/2026 18:03,24/07/2026 18:26,24/07/2026 18:58,URGENT,Surgery
LAB500429,1212,Glucose Post Prandial,25/07/2026 22:05,25/07/2026 22:42,26/07/2026 02:28,Routine,Surgery
LAB500430,1213,Glucose Post Prandial,07/07/2026 01:11,07/07/2026 01:55,07/07/2026 02:06,Routine,Orthopaedics
LAB500431,1213,Glucose Fasting,07/07/2026 08:11,07/07/2026 08:55,07/07/2026 12:44,Routine,Orthopaedics
LAB500432,1214,KFT,22/07/2026 20:18,22/07/2026 20:57,22/07/2026 22:26,Routine,Cardiology
LAB500433,1214,Glucose Post Prandial,23/07/2026 08:57,23/07/2026 09:33,23/07/2026 10:02,Routine,Cardiology
LAB500434,1214,ABG (Arterial Blood Gas),23/07/2026 12:32,23/07/2026 12:51,23/07/2026 17:22,STAT,Cardiology
LAB500435,1215,D-Dimer,08/07/2026 23:30,08/07/2026 23:55,09/07/2026 00:29,STAT,Pulmonology
LAB500436,1215,CRP,08/07/2026 01:36,08/07/2026 01:58,08/07/2026 03:21,Routine,Pulmonology
LAB500437,1216,Electrolytes (Na/K/Cl),26/07/2026 06:43,26/07/2026 07:15,26/07/2026 07:59,URGENT,Cardiology
LAB500438,1216,D-Dimer,25/07/2026 04:15,25/07/2026 04:44,25/07/2026 05:12,STAT,Cardiology
LAB500439,1216,KFT,24/07/2026 22:19,24/07/2026 22:45,25/07/2026 00:29,Routine,Cardiology
LAB500440,1217,Malaria Antigen (Pf/Pv Rapid),27/06/2026 17:03,27/06/2026 17:28,27/06/2026 17:27,STAT,General Medicine
LAB500441,1217,HbA1c,26/06/2026 14:29,26/06/2026 14:48,26/06/2026 16:25,Routine,General Medicine
LAB500442,1218,Glucose Fasting,19/07/2026 21:04,19/07/2026 21:23,19/07/2026 22:11,Routine,Cardiology
LAB500443,1219,LFT,24/06/2026 10:53,24/06/2026 11:23,24/06/2026 12:43,Routine,Paediatrics
LAB500444,1220,CBC,17/07/2026 08:38,17/07/2026 08:54,17/07/2026 10:28,Routine,Emergency Medicine
LAB500445,1221,LFT,07/07/2026 01:00,07/07/2026 01:15,07/07/2026 03:37,Routine,Orthopaedics
LAB500446,1222,CRP,22/06/2026 10:01,22/06/2026 10:37,22/06/2026 11:16,Routine,Emergency Medicine
LAB500447,1222,Blood Culture & Sensitivity,22/06/2026 15:27,22/06/2026 15:53,23/06/2026 13:01,Routine,Emergency Medicine
LAB500448,1222,D-Dimer,22/06/2026 13:22,22/06/2026 13:55,22/06/2026 20:52,STAT,Emergency Medicine
LAB500449,1223,ABG (Arterial Blood Gas),08/07/2026 00:36,08/07/2026 00:57,08/07/2026 01:00,STAT,Cardiology
LAB500450,1224,CBC,01/07/2026 21:14,01/07/2026 21:35,01/07/2026 23:01,Routine,Paediatrics
LAB500451,1224,Troponin I,02/07/2026 13:59,02/07/2026 14:32,02/07/2026 14:49,STAT,Paediatrics
LAB500452,1224,LFT,02/07/2026 02:08,02/07/2026 02:34,02/07/2026 04:22,Routine,Paediatrics
LAB500453,1225,CRP,03/07/2026 02:09,03/07/2026 02:48,03/07/2026 03:26,Routine,Paediatrics
LAB500454,1225,LFT,03/07/2026 09:10,03/07/2026 09:40,03/07/2026 11:42,Routine,Paediatrics
LAB500455,1225,ABG (Arterial Blood Gas),02/07/2026 02:07,02/07/2026 02:32,02/07/2026 02:31,STAT,Paediatrics
LAB500456,1226,Electrolytes (Na/K/Cl),02/07/2026 14:46,02/07/2026 15:27,02/07/2026 15:57,URGENT,Surgery
LAB500457,1226,Glucose Fasting,02/07/2026 22:15,02/07/2026 22:57,03/07/2026 06:22,Routine,Surgery
LAB500458,1227,Lipid Profile,11/07/2026 12:21,11/07/2026 12:36,11/07/2026 15:26,Routine,Paediatrics
LAB500459,1227,LFT,11/07/2026 14:38,11/07/2026 15:09,11/07/2026 16:31,Routine,Paediatrics
LAB500460,1228,Thyroid Profile (T3/T4/TSH),04/08/2026 19:52,04/08/2026 20:25,04/08/2026 23:18,Routine,Paediatrics
LAB500461,1229,LFT,22/07/2026 12:33,22/07/2026 12:58,22/07/2026 15:14,Routine,Cardiology
LAB500462,1230,LFT,27/06/2026 22:53,27/06/2026 23:21,28/06/2026 00:58,Routine,Paediatrics
LAB500463,1230,HbA1c,28/06/2026 01:48,28/06/2026 02:28,28/06/2026 04:35,Routine,Paediatrics
LAB500464,1231,Troponin I,19/07/2026 13:22,19/07/2026 13:53,19/07/2026 14:14,STAT,General Medicine
LAB500465,1231,LFT,18/07/2026 19:07,18/07/2026 19:37,18/07/2026 21:34,Routine,General Medicine
LAB500466,1232,CBC,29/07/2026 11:44,29/07/2026 12:00,29/07/2026 13:16,Routine,Paediatrics
LAB500467,1233,KFT,27/07/2026 09:37,27/07/2026 10:13,27/07/2026 11:44,Routine,Surgery
LAB500468,1234,LFT,17/07/2026 16:00,17/07/2026 16:39,17/07/2026 18:19,Routine,Cardiology
LAB500469,1234,Troponin I,17/07/2026 23:36,18/07/2026 00:12,18/07/2026 00:22,STAT,Cardiology
LAB500470,1234,ABG (Arterial Blood Gas),18/07/2026 09:09,18/07/2026 09:51,18/07/2026 09:33,STAT,Cardiology
LAB500471,1235,Thyroid Profile (T3/T4/TSH),02/08/2026 00:29,02/08/2026 00:58,02/08/2026 03:24,Routine,Pulmonology
LAB500472,1236,CBC,23/06/2026 15:59,23/06/2026 16:31,23/06/2026 17:43,Routine,Orthopaedics
LAB500473,1236,Malaria Antigen (Pf/Pv Rapid),24/06/2026 00:19,24/06/2026 00:47,24/06/2026 06:15,STAT,Orthopaedics
LAB500474,1237,D-Dimer,21/07/2026 11:32,21/07/2026 12:08,21/07/2026 12:43,STAT,Surgery
LAB500475,1237,ABG (Arterial Blood Gas),22/07/2026 10:26,22/07/2026 10:58,22/07/2026 10:50,STAT,Surgery
LAB500476,1238,Glucose Fasting,19/07/2026 21:47,19/07/2026 22:14,19/07/2026 22:52,Routine,Emergency Medicine
LAB500477,1238,Glucose Fasting,19/07/2026 10:13,19/07/2026 10:28,19/07/2026 11:11,Routine,Emergency Medicine
LAB500478,1239,Glucose Post Prandial,24/06/2026 13:12,24/06/2026 13:55,24/06/2026 14:17,Routine,Surgery
LAB500479,1239,Thyroid Profile (T3/T4/TSH),25/06/2026 09:46,25/06/2026 10:14,25/06/2026 13:05,Routine,Surgery
LAB500480,1240,CRP,17/07/2026 08:46,17/07/2026 09:03,17/07/2026 10:00,Routine,Cardiology
LAB500481,1241,LFT,02/07/2026 14:35,02/07/2026 14:50,02/07/2026 16:25,Routine,Cardiology
LAB500482,1241,Lipid Profile,02/07/2026 21:01,02/07/2026 21:32,02/07/2026 23:47,Routine,Cardiology
LAB500483,1242,Troponin I,09/07/2026 19:37,09/07/2026 20:04,09/07/2026 20:19,STAT,Emergency Medicine
LAB500484,1242,LFT,11/07/2026 01:23,11/07/2026 02:00,11/07/2026 03:32,Routine,Emergency Medicine
LAB500485,1242,ABG (Arterial Blood Gas),10/07/2026 15:27,10/07/2026 16:01,10/07/2026 15:55,STAT,Emergency Medicine
LAB500486,1243,Troponin I,18/07/2026 20:51,18/07/2026 21:33,18/07/2026 21:33,STAT,General Medicine
LAB500487,1244,Glucose Fasting,25/07/2026 04:52,25/07/2026 05:14,25/07/2026 06:16,Routine,General Medicine
LAB500488,1245,Blood Culture & Sensitivity,20/07/2026 08:02,20/07/2026 08:27,21/07/2026 03:11,Routine,Emergency Medicine
LAB500489,1245,ABG (Arterial Blood Gas),21/07/2026 07:52,21/07/2026 08:13,21/07/2026 08:16,STAT,Emergency Medicine
LAB500490,1245,Blood Culture & Sensitivity,20/07/2026 20:57,20/07/2026 21:37,21/07/2026 16:55,Routine,Emergency Medicine
LAB500491,1246,CRP,01/07/2026 20:12,01/07/2026 20:35,01/07/2026 21:43,Routine,Paediatrics
LAB500492,1246,D-Dimer,02/07/2026 04:58,02/07/2026 05:41,02/07/2026 11:50,STAT,Paediatrics
LAB500493,1247,Electrolytes (Na/K/Cl),23/06/2026 13:13,23/06/2026 13:49,23/06/2026 14:30,URGENT,Orthopaedics
LAB500494,1248,Glucose Fasting,14/07/2026 10:07,14/07/2026 10:41,14/07/2026 11:29,Routine,Emergency Medicine
LAB500495,1248,Malaria Antigen (Pf/Pv Rapid),13/07/2026 02:49,13/07/2026 03:10,13/07/2026 03:13,STAT,Emergency Medicine
LAB500496,1249,HbA1c,09/07/2026 14:37,09/07/2026 15:05,09/07/2026 17:19,Routine,Orthopaedics
LAB500497,1250,Lipid Profile,06/07/2026 00:45,06/07/2026 01:13,06/07/2026 03:33,Routine,Emergency Medicine
LAB500498,1251,Glucose Fasting,05/08/2026 19:17,05/08/2026 19:39,05/08/2026 23:50,Routine,Orthopaedics
LAB500499,1252,D-Dimer,21/07/2026 09:16,21/07/2026 09:46,21/07/2026 10:23,STAT,Cardiology
LAB500500,1253,Malaria Antigen (Pf/Pv Rapid),07/07/2026 05:30,07/07/2026 05:50,07/07/2026 05:54,STAT,Paediatrics
LAB500501,1253,D-Dimer,07/07/2026 21:00,07/07/2026 21:32,07/07/2026 22:20,STAT,Paediatrics
LAB500502,1253,HbA1c,08/07/2026 11:08,08/07/2026 11:23,08/07/2026 22:33,Routine,Paediatrics
LAB500503,1254,Electrolytes (Na/K/Cl),10/07/2026 17:58,10/07/2026 18:15,10/07/2026 19:04,URGENT,Orthopaedics
LAB500504,1254,Glucose Post Prandial,10/07/2026 03:28,10/07/2026 04:13,10/07/2026 04:48,Routine,Orthopaedics
LAB500505,1255,LFT,03/07/2026 04:39,03/07/2026 04:57,03/07/2026 07:19,Routine,Surgery
LAB500506,1256,Glucose Fasting,01/08/2026 06:21,01/08/2026 06:38,01/08/2026 14:17,Routine,Pulmonology
LAB500507,1256,Glucose Post Prandial,31/07/2026 23:16,31/07/2026 23:54,01/08/2026 00:16,Routine,Pulmonology
LAB500508,1256,LFT,31/07/2026 09:38,31/07/2026 10:01,31/07/2026 12:03,Routine,Pulmonology
LAB500509,1257,ABG (Arterial Blood Gas),03/08/2026 09:24,03/08/2026 10:09,03/08/2026 09:48,STAT,Cardiology
LAB500510,1257,CRP,03/08/2026 03:36,03/08/2026 04:16,03/08/2026 05:18,Routine,Cardiology
LAB500511,1258,CBC,22/06/2026 21:11,22/06/2026 21:49,22/06/2026 22:52,Routine,Cardiology
LAB500512,1258,D-Dimer,23/06/2026 09:34,23/06/2026 10:06,23/06/2026 10:50,STAT,Cardiology
LAB500513,1259,LFT,16/07/2026 20:09,16/07/2026 20:31,16/07/2026 22:54,Routine,Emergency Medicine
LAB500514,1259,Thyroid Profile (T3/T4/TSH),16/07/2026 01:33,16/07/2026 01:50,16/07/2026 04:21,Routine,Emergency Medicine
LAB500515,1259,Blood Culture & Sensitivity,15/07/2026 20:12,15/07/2026 20:41,16/07/2026 17:02,Routine,Emergency Medicine
LAB500516,1260,D-Dimer,25/07/2026 06:20,25/07/2026 07:02,25/07/2026 13:37,STAT,Emergency Medicine
LAB500517,1260,Troponin I,26/07/2026 10:50,26/07/2026 11:18,26/07/2026 11:32,STAT,Emergency Medicine
LAB500518,1261,Malaria Antigen (Pf/Pv Rapid),29/06/2026 22:36,29/06/2026 22:56,29/06/2026 23:00,STAT,Surgery
LAB500519,1261,Electrolytes (Na/K/Cl),01/07/2026 03:31,01/07/2026 03:56,01/07/2026 07:18,URGENT,Surgery
LAB500520,1262,KFT,30/07/2026 17:08,30/07/2026 17:43,30/07/2026 19:35,Routine,Orthopaedics
LAB500521,1262,Glucose Post Prandial,29/07/2026 17:25,29/07/2026 17:45,29/07/2026 18:43,Routine,Orthopaedics
LAB500522,1262,Lipid Profile,29/07/2026 21:12,29/07/2026 21:46,30/07/2026 00:02,Routine,Orthopaedics
LAB500523,1263,Blood Culture & Sensitivity,23/06/2026 10:47,23/06/2026 11:07,24/06/2026 07:53,Routine,General Medicine
LAB500524,1263,CRP,23/06/2026 07:57,23/06/2026 08:23,23/06/2026 09:48,Routine,General Medicine
LAB500525,1264,CRP,22/07/2026 12:47,22/07/2026 13:31,22/07/2026 14:08,Routine,Emergency Medicine
LAB500526,1264,LFT,23/07/2026 16:58,23/07/2026 17:21,23/07/2026 19:11,Routine,Emergency Medicine
LAB500527,1264,Thyroid Profile (T3/T4/TSH),23/07/2026 03:55,23/07/2026 04:12,23/07/2026 07:06,Routine,Emergency Medicine
LAB500528,1265,HbA1c,10/07/2026 06:18,10/07/2026 06:57,10/07/2026 08:34,Routine,Emergency Medicine
LAB500529,1266,Troponin I,08/07/2026 15:19,08/07/2026 15:56,08/07/2026 16:12,STAT,Orthopaedics
LAB500530,1266,Glucose Fasting,09/07/2026 02:52,09/07/2026 03:22,09/07/2026 03:52,Routine,Orthopaedics
LAB500531,1266,CRP,09/07/2026 02:51,09/07/2026 03:27,09/07/2026 04:36,Routine,Orthopaedics
LAB500532,1267,Glucose Fasting,30/06/2026 00:01,30/06/2026 00:35,30/06/2026 01:02,Routine,Cardiology
LAB500533,1268,Lipid Profile,22/07/2026 18:01,22/07/2026 18:16,22/07/2026 21:46,Routine,Pulmonology
LAB500534,1268,Thyroid Profile (T3/T4/TSH),22/07/2026 02:41,22/07/2026 03:08,22/07/2026 05:26,Routine,Pulmonology
LAB500535,1268,LFT,22/07/2026 23:59,23/07/2026 00:15,23/07/2026 02:44,Routine,Pulmonology
LAB500536,1269,Lipid Profile,12/07/2026 03:33,12/07/2026 03:56,12/07/2026 07:19,Routine,Surgery
LAB500537,1269,Lipid Profile,13/07/2026 00:41,13/07/2026 01:26,13/07/2026 10:10,Routine,Surgery
LAB500538,1269,KFT,13/07/2026 10:04,13/07/2026 10:48,13/07/2026 11:57,Routine,Surgery
LAB500539,1270,ABG (Arterial Blood Gas),22/06/2026 09:08,22/06/2026 09:31,22/06/2026 11:50,STAT,Cardiology
LAB500540,1270,Blood Culture & Sensitivity,21/06/2026 23:46,22/06/2026 00:12,22/06/2026 21:31,Routine,Cardiology
LAB500541,1270,Electrolytes (Na/K/Cl),21/06/2026 22:32,21/06/2026 22:57,21/06/2026 23:49,URGENT,Cardiology
LAB500542,1271,D-Dimer,23/07/2026 02:10,23/07/2026 02:52,23/07/2026 03:17,STAT,Cardiology
LAB500543,1271,CRP,23/07/2026 01:38,23/07/2026 02:00,23/07/2026 02:56,Routine,Cardiology
LAB500544,1272,Thyroid Profile (T3/T4/TSH),10/07/2026 20:28,10/07/2026 21:12,10/07/2026 23:29,Routine,Pulmonology
LAB500545,1272,HbA1c,12/07/2026 00:02,12/07/2026 00:31,12/07/2026 02:43,Routine,Pulmonology
LAB500546,1273,LFT,02/08/2026 04:34,02/08/2026 04:55,02/08/2026 06:32,Routine,General Medicine
LAB500547,1274,Blood Culture & Sensitivity,19/07/2026 05:42,19/07/2026 06:25,20/07/2026 04:28,Routine,Surgery
LAB500548,1274,CBC,19/07/2026 21:55,19/07/2026 22:28,19/07/2026 23:17,Routine,Surgery
LAB500549,1274,Troponin I,18/07/2026 19:02,18/07/2026 19:27,,STAT,Surgery
LAB500550,1275,Lipid Profile,26/06/2026 18:22,26/06/2026 18:48,26/06/2026 22:05,Routine,Surgery
LAB500551,1275,Blood Culture & Sensitivity,27/06/2026 07:06,27/06/2026 07:21,29/06/2026 12:10,Routine,Surgery
LAB500552,1275,Lipid Profile,27/06/2026 17:26,27/06/2026 18:01,27/06/2026 20:39,Routine,Surgery
LAB500553,1276,Glucose Post Prandial,11/07/2026 15:29,11/07/2026 16:03,11/07/2026 16:46,Routine,Surgery
LAB500554,1277,Malaria Antigen (Pf/Pv Rapid),24/07/2026 16:16,24/07/2026 16:58,24/07/2026 21:48,STAT,Cardiology
LAB500555,1277,Glucose Post Prandial,24/07/2026 11:50,24/07/2026 12:07,24/07/2026 13:02,Routine,Cardiology
LAB500556,1277,LFT,25/07/2026 09:19,25/07/2026 09:39,25/07/2026 11:55,Routine,Cardiology
LAB500557,1278,LFT,29/07/2026 06:50,29/07/2026 07:11,29/07/2026 08:55,Routine,Surgery
LAB500558,1278,D-Dimer,29/07/2026 14:03,29/07/2026 14:27,29/07/2026 15:22,STAT,Surgery
LAB500559,1279,Malaria Antigen (Pf/Pv Rapid),17/07/2026 13:06,17/07/2026 13:42,17/07/2026 17:07,STAT,General Medicine
LAB500560,1279,CRP,18/07/2026 12:12,18/07/2026 12:55,18/07/2026 13:35,Routine,General Medicine
LAB500561,1280,Thyroid Profile (T3/T4/TSH),13/07/2026 11:56,13/07/2026 12:24,13/07/2026 14:56,Routine,Surgery
LAB500562,1280,Thyroid Profile (T3/T4/TSH),13/07/2026 11:10,13/07/2026 11:41,13/07/2026 13:52,Routine,Surgery
LAB500563,1280,Lipid Profile,13/07/2026 16:07,13/07/2026 16:37,13/07/2026 18:38,Routine,Surgery
LAB500564,1281,Thyroid Profile (T3/T4/TSH),05/08/2026 04:41,05/08/2026 05:21,05/08/2026 07:17,Routine,Surgery
LAB500565,1281,KFT,05/08/2026 18:36,05/08/2026 18:58,05/08/2026 20:42,Routine,Surgery
LAB500566,1282,ABG (Arterial Blood Gas),07/07/2026 19:16,07/07/2026 19:32,07/07/2026 19:40,STAT,General Medicine
LAB500567,1283,LFT,04/08/2026 14:17,04/08/2026 14:55,04/08/2026 16:21,Routine,Orthopaedics
LAB500568,1283,LFT,04/08/2026 16:36,04/08/2026 16:54,04/08/2026 19:13,Routine,Orthopaedics
LAB500569,1284,CBC,03/08/2026 01:01,03/08/2026 01:44,03/08/2026 02:43,Routine,Pulmonology
LAB500570,1284,D-Dimer,04/08/2026 00:14,04/08/2026 00:54,04/08/2026 01:35,STAT,Pulmonology
LAB500571,1285,CRP,03/07/2026 05:33,03/07/2026 06:11,03/07/2026 06:55,Routine,General Medicine
LAB500572,1286,LFT,28/07/2026 20:34,28/07/2026 20:49,,Routine,General Medicine
LAB500573,1286,LFT,27/07/2026 17:10,27/07/2026 17:45,27/07/2026 19:52,Routine,General Medicine
LAB500574,1286,HbA1c,29/07/2026 00:19,29/07/2026 00:53,29/07/2026 02:50,Routine,General Medicine
LAB500575,1287,Lipid Profile,13/07/2026 13:41,13/07/2026 14:05,13/07/2026 22:55,Routine,Orthopaedics
LAB500576,1287,CRP,12/07/2026 19:42,12/07/2026 19:57,12/07/2026 21:01,Routine,Orthopaedics
LAB500577,1287,CBC,13/07/2026 01:20,13/07/2026 01:55,13/07/2026 02:42,Routine,Orthopaedics
LAB500578,1288,Blood Culture & Sensitivity,05/07/2026 16:33,05/07/2026 16:50,06/07/2026 10:55,Routine,General Medicine
LAB500579,1288,CBC,04/07/2026 13:31,04/07/2026 14:14,04/07/2026 15:23,Routine,General Medicine
LAB500580,1288,Troponin I,04/07/2026 08:16,04/07/2026 08:45,04/07/2026 09:03,STAT,General Medicine
LAB500581,1289,CBC,07/07/2026 02:39,07/07/2026 02:57,07/07/2026 04:32,Routine,Pulmonology
LAB500582,1289,Blood Culture & Sensitivity,07/07/2026 13:26,07/07/2026 13:59,08/07/2026 06:16,Routine,Pulmonology
LAB500583,1290,Thyroid Profile (T3/T4/TSH),15/07/2026 09:23,15/07/2026 09:56,15/07/2026 13:03,Routine,Emergency Medicine
LAB500584,1290,Blood Culture & Sensitivity,15/07/2026 09:05,15/07/2026 09:42,17/07/2026 12:45,Routine,Emergency Medicine
LAB500585,1291,LFT,31/07/2026 05:10,31/07/2026 05:45,31/07/2026 07:29,Routine,Cardiology
LAB500586,1291,Lipid Profile,31/07/2026 09:41,31/07/2026 10:18,31/07/2026 13:06,Routine,Cardiology
LAB500587,1291,Troponin I,31/07/2026 09:41,31/07/2026 10:03,31/07/2026 10:31,STAT,Cardiology
LAB500588,1292,Blood Culture & Sensitivity,21/07/2026 12:29,21/07/2026 13:12,22/07/2026 10:56,Routine,Cardiology
LAB500589,1292,Blood Culture & Sensitivity,21/07/2026 07:11,21/07/2026 07:41,22/07/2026 02:48,Routine,Cardiology
LAB500590,1292,Glucose Fasting,20/07/2026 13:03,20/07/2026 13:33,20/07/2026 14:16,Routine,Cardiology
LAB500591,1293,D-Dimer,31/07/2026 23:58,01/08/2026 00:22,01/08/2026 01:23,STAT,Pulmonology
LAB500592,1294,Malaria Antigen (Pf/Pv Rapid),25/06/2026 13:21,25/06/2026 13:57,25/06/2026 13:48,STAT,Surgery
LAB500593,1294,CBC,25/06/2026 01:20,25/06/2026 01:48,25/06/2026 02:55,Routine,Surgery
LAB500594,1295,Glucose Fasting,02/07/2026 00:04,02/07/2026 00:30,02/07/2026 01:15,Routine,Pulmonology
LAB500595,1295,Malaria Antigen (Pf/Pv Rapid),01/07/2026 12:08,01/07/2026 12:45,01/07/2026 12:32,STAT,Pulmonology
LAB500596,1296,Malaria Antigen (Pf/Pv Rapid),28/06/2026 14:51,28/06/2026 15:20,28/06/2026 15:19,STAT,General Medicine
LAB500597,1297,Electrolytes (Na/K/Cl),30/06/2026 21:06,30/06/2026 21:38,,URGENT,General Medicine
LAB500598,1297,LFT,01/07/2026 00:54,01/07/2026 01:12,01/07/2026 02:51,Routine,General Medicine
LAB500599,1297,Glucose Fasting,01/07/2026 19:02,01/07/2026 19:33,01/07/2026 20:00,Routine,General Medicine
LAB500600,1298,Glucose Post Prandial,26/06/2026 23:53,27/06/2026 00:35,27/06/2026 01:11,Routine,Paediatrics
LAB500601,1298,CBC,27/06/2026 07:39,27/06/2026 08:19,27/06/2026 08:58,Routine,Paediatrics
LAB500602,1299,Glucose Post Prandial,13/07/2026 07:05,13/07/2026 07:40,13/07/2026 08:22,Routine,Pulmonology
LAB500603,1299,Thyroid Profile (T3/T4/TSH),12/07/2026 18:50,12/07/2026 19:30,12/07/2026 22:29,Routine,Pulmonology
LAB500604,1300,D-Dimer,06/07/2026 06:48,06/07/2026 07:17,06/07/2026 14:14,STAT,Emergency Medicine
LAB500605,1300,LFT,05/07/2026 13:08,05/07/2026 13:33,05/07/2026 15:23,Routine,Emergency Medicine
LAB500606,1300,Thyroid Profile (T3/T4/TSH),05/07/2026 10:29,05/07/2026 11:13,05/07/2026 12:57,Routine,Emergency Medicine
LAB500607,1301,HbA1c,03/07/2026 14:56,03/07/2026 15:24,03/07/2026 17:26,Routine,Cardiology
LAB500608,1301,ABG (Arterial Blood Gas),03/07/2026 01:24,03/07/2026 02:02,03/07/2026 01:48,STAT,Cardiology
LAB500609,1301,Blood Culture & Sensitivity,02/07/2026 23:35,03/07/2026 00:06,03/07/2026 15:13,Routine,Cardiology
LAB500610,1302,Troponin I,22/06/2026 17:33,22/06/2026 18:05,22/06/2026 18:18,STAT,Surgery
LAB500611,1302,Glucose Post Prandial,23/06/2026 05:26,23/06/2026 05:47,23/06/2026 11:53,Routine,Surgery
LAB500612,1303,HbA1c,16/07/2026 01:30,16/07/2026 02:02,16/07/2026 11:02,Routine,Paediatrics
LAB500613,1303,ABG (Arterial Blood Gas),16/07/2026 14:45,16/07/2026 15:20,16/07/2026 21:07,STAT,Paediatrics
LAB500614,1304,Glucose Fasting,21/06/2026 22:08,21/06/2026 22:47,21/06/2026 23:17,Routine,Orthopaedics
LAB500615,1304,HbA1c,21/06/2026 10:08,21/06/2026 10:34,21/06/2026 12:03,Routine,Orthopaedics
LAB500616,1304,D-Dimer,21/06/2026 13:43,21/06/2026 14:07,21/06/2026 18:34,STAT,Orthopaedics
LAB500617,1305,D-Dimer,01/07/2026 19:40,01/07/2026 20:14,01/07/2026 20:55,STAT,Surgery
LAB500618,7012,Blood Culture & Sensitivity,23/07/2026 17:43,23/07/2026 18:03,24/07/2026 11:51,Routine,Diagnostic Walk-in Outpatient
LAB500619,7045,Thyroid Profile (T3/T4/TSH),17/07/2026 11:06,17/07/2026 11:26,17/07/2026 14:25,Routine,Diagnostic Walk-in Outpatient
LAB500620,7088,Electrolytes (Na/K/Cl),07/07/2026 13:29,07/07/2026 13:49,07/07/2026 14:35,URGENT,Diagnostic Walk-in Outpatient
LAB500621,7120,HbA1c,14/07/2026 14:05,14/07/2026 14:25,14/07/2026 16:17,Routine,Diagnostic Walk-in Outpatient
LAB500622,7155,Thyroid Profile (T3/T4/TSH),05/07/2026 15:13,05/07/2026 15:33,05/07/2026 18:43,Routine,Diagnostic Walk-in Outpatient
LAB500623,7234,Glucose Post Prandial,22/07/2026 16:25,22/07/2026 16:45,22/07/2026 17:49,Routine,Diagnostic Walk-in Outpatient
LAB500624,7410,ABG (Arterial Blood Gas),25/07/2026 14:55,25/07/2026 15:15,25/07/2026 15:19,STAT,Diagnostic Walk-in Outpatient
LAB500625,7550,Troponin I,21/07/2026 14:28,21/07/2026 14:48,21/07/2026 15:26,STAT,Diagnostic Walk-in Outpatient
LAB500626,7680,Troponin I,24/07/2026 14:52,24/07/2026 15:12,24/07/2026 15:37,STAT,Diagnostic Walk-in Outpatient
LAB500627,7890,ABG (Arterial Blood Gas),05/07/2026 15:45,05/07/2026 16:05,05/07/2026 16:11,STAT,Diagnostic Walk-in Outpatient
LAB500628,7956,HbA1c,17/07/2026 16:07,17/07/2026 16:27,17/07/2026 19:03,Routine,Diagnostic Walk-in Outpatient
LAB500629,7981,Troponin I,16/07/2026 08:47,16/07/2026 09:07,16/07/2026 09:32,STAT,Diagnostic Walk-in Outpatient
LAB500630,7992,ABG (Arterial Blood Gas),12/07/2026 09:38,12/07/2026 09:58,12/07/2026 10:09,STAT,Diagnostic Walk-in Outpatient
